name,slug,characteristics,difficulty,effect,image,ingredients,inventors,manufacturers,side_effects,time,wiki
Ageing Potion,ageing-potion,Green,Advanced,Aged drinker temporarily,https://static.wikia.nocookie.net/harrypotter/images/5/51/Ageing_Potion_PM.png,"Newt spleens, Bananas, An orange snake, A green leaf",,,,,https://harrypotter.fandom.com/wiki/Ageing_Potion
Alihotsy Draught,alihotsy-draught,Blue fumes and colour,,Uncontrollable laughter,https://static.wikia.nocookie.net/harrypotter/images/4/46/Alihotsy_Draught.png,Alihotsy,,,,,https://harrypotter.fandom.com/wiki/Alihotsy_Draught
Amortentia,amortentia,"Mother-of-pearl sheen, Spiralling steam, Scent was multi-faceted and varied based on what the person liked",Advanced,Love potion that caused a powerful infatuation or obsession in the drinker,https://static.wikia.nocookie.net/harrypotter/images/4/49/Amortentia.png,Pearl Dust,,,,,https://harrypotter.fandom.com/wiki/Amortentia
Angel's Trumpet Draught,angel-s-trumpet-draught,,,Poisonous,https://static.wikia.nocookie.net/harrypotter/images/c/c8/Angels_Trumpet_Draught.JPG,Angel's Trumpet,,,,,https://harrypotter.fandom.com/wiki/Angel's_Trumpet_Draught
Anti-Paralysis Potion,anti-paralysis-potion,Pink in colour,,Cured paralysis,https://static.wikia.nocookie.net/harrypotter/images/a/aa/Anti-Paralysis_Potion.png,,,,,,https://harrypotter.fandom.com/wiki/Anti-Paralysis_Potion
Antidote,antidote,,,,,,,,,,https://harrypotter.fandom.com/wiki/Antidote
Antidote to Common Poisons,antidote-to-common-poisons,Teal-coloured,Beginner to Moderate,Counteracted the effects of common poisons,https://static.wikia.nocookie.net/harrypotter/images/9/96/Antidote-to-common-poisons.png,"1 Bezoar, 2 measures of Standard Ingredient, 1 pinch of powdered unicorn horn, 2 mistletoe berries",,,,,https://harrypotter.fandom.com/wiki/Antidote_to_Common_Poisons
Antidote to Uncommon Poisons,antidote-to-uncommon-poisons,Green in colour,Moderate,Cures the effects of minor poisons,https://static.wikia.nocookie.net/harrypotter/images/b/bd/Antidote_to_Uncommon_Poisons.png,"Fire Seeds, Powdered graphorn horn, Billywig stings, Chizpurfle carapaces",,,,,https://harrypotter.fandom.com/wiki/Antidote_to_Uncommon_Poisons
Antidote to Veritaserum,antidote-to-veritaserum,,Advanced,Countered the effect of Veritaserum,https://static.wikia.nocookie.net/harrypotter/images/3/3e/Antidote_to_Veritaserum_HM.png,,,,,,https://harrypotter.fandom.com/wiki/Antidote_to_Veritaserum
Armadillo Bile Mixture,armadillo-bile-mixture,Most likely corrosive,,,https://static.wikia.nocookie.net/harrypotter/images/0/0a/Armadillo_Bile_Mixture.jpg,"Bat wings, Armadillo bile, Wormwood, Armotentia, Acromantula venom, Aconite, Water (likely)",,,,,https://harrypotter.fandom.com/wiki/Armadillo_Bile_Mixture
Babbling Beverage,babbling-beverage,"Red or yellow in colour, Smelt like bubblegum",Moderate to Ordinary Wizarding Level,Caused the drinker to speak nonsense,https://static.wikia.nocookie.net/harrypotter/images/5/5d/HM_y3_Babbling_Beverage.png,"Valerian sprigs, Aconite, Dittany",,,,,https://harrypotter.fandom.com/wiki/Babbling_Beverage
Baneberry Potion,baneberry-potion,Blood red,,Poison,https://static.wikia.nocookie.net/harrypotter/images/9/93/Baneberry_Potion.JPG,Baneberry,,,,,https://harrypotter.fandom.com/wiki/Baneberry_Potion
Baruffio's Brain Elixir,baruffio-s-brain-elixir,Green in colour,,Allegedly increases one's brain power,https://static.wikia.nocookie.net/harrypotter/images/8/8d/Baruffio%E2%80%99s_Brain_Elixir_HM.png,"Leaping Toadstools, Frog brains, Runespoor eggs, Powdered dragon claw",Baruffio,,Possibly harmful mental side effects if brewed incorrectly,Twelve hours,https://harrypotter.fandom.com/wiki/Baruffio's_Brain_Elixir
Beautification Potion,beautification-potion,"Changes colour, Emits multi-colour bubbles",Moderate,Enhances the attractiveness of the drinker's physical appearance,https://static.wikia.nocookie.net/harrypotter/images/8/8b/Beautification_Potion_Bottle.png,"Fairy wings, Morning dew, Rose Petals, Lady's Mantle, Unicorn hair, Ginger roots, Boomslang skin","Zygmunt Budge, Sacharissa Tugwood",,,,https://harrypotter.fandom.com/wiki/Beautification_Potion
Befuddlement Draught,befuddlement-draught,Dark green or red in colour,Ordinary Wizarding Level,Recklessness,https://static.wikia.nocookie.net/harrypotter/images/d/d3/BefuddlementDraughtHM.png,"Scurvy grass, Lovage, Sneezewort, Frog brains",,,,,https://harrypotter.fandom.com/wiki/Befuddlement_Draught
Blood-Replenishing Potion,blood-replenishing-potion,Dark red in colour,,Replenished lost blood,https://static.wikia.nocookie.net/harrypotter/images/4/49/BloodReplenishingPotionHM.png,"Standard potioning water, Powdered unicorn horn, Stewed Mandrake",,,,,https://harrypotter.fandom.com/wiki/Blood-Replenishing_Potion
Bloodroot Poison,bloodroot-poison,,,Poisonous,https://static.wikia.nocookie.net/harrypotter/images/e/eb/Bloodroot_Poison.jpg,Bloodroot,,,,,https://harrypotter.fandom.com/wiki/Bloodroot_Poison
Bruise removal paste,bruise-removal-paste,"Thick, yellow paste",,Healed bruises in an hour,,,Fred and George Weasley,Fred and George Weasley,,,https://harrypotter.fandom.com/wiki/Bruise_removal_paste
Bulgeye Potion,bulgeye-potion,Emerald green in colour,,Causes eyes to bulge (presumably),https://static.wikia.nocookie.net/harrypotter/images/2/25/Bulgeye.JPG,,,,,,https://harrypotter.fandom.com/wiki/Bulgeye_Potion
Bundimum Pomade,bundimun-pomade,,,Hair care,https://static.wikia.nocookie.net/harrypotter/images/8/86/BoxofBezoars.jpg,Bundimun Secretion (most likely),,E. M. L. Potions Co.,,,https://harrypotter.fandom.com/wiki/Bundimun_Pomade
Bundimun Secretion,bundimun-secretion,"Lime green in colour, Emits vapours",,,https://static.wikia.nocookie.net/harrypotter/images/a/a0/Ooze.JPG,,,,,,https://harrypotter.fandom.com/wiki/Bundimun_Secretion
Burn-healing paste,burn-healing-paste,"Orange in colour, Thick consistency",,Healed burns,,,,,,,https://harrypotter.fandom.com/wiki/Burn-Healing_Paste
Burning Bitterroot Balm,burning-bitterroot-balm,Blue-coloured,,Soothing,https://static.wikia.nocookie.net/harrypotter/images/b/bc/Burning_Bitterroot_Balm.jpg,Bitter root,,,,,https://harrypotter.fandom.com/wiki/Burning_Bitterroot_Balm
Calming Draught,calming-draught,Blue or brown in colour,Moderate to Advanced,Calms the drinker,https://static.wikia.nocookie.net/harrypotter/images/0/06/HM_y4_Calming_Draught.png,"Lavender, Crocodile heart, Peppermint",,,"Unpleasant results if consumed by certain animals, Burning mouth sensation, watery eyes or uncontrollable sobbing if too much peppermint oil added",,https://harrypotter.fandom.com/wiki/Calming_Draught
Caxambu Style Borborygmus Potion,caxambu-style-borborygmus-potion,,,Provoked stomach growling,https://static.wikia.nocookie.net/harrypotter/images/8/8a/Caxambu_Style_Borborygmus_Potion.jpg,,,Apothecary Department,,,https://harrypotter.fandom.com/wiki/Caxambu_Style_Borborygmus_Potion
Cheese-Based Potions,cheese-based-potions,Yellow in colour,Advanced,,https://static.wikia.nocookie.net/harrypotter/images/3/39/Cheese_Based_Potion_HM_Icon.png,Cheese,,,,,https://harrypotter.fandom.com/wiki/Cheese-Based_Potions
Chelidonium Miniscula,chelidonium-miniscula,Dark yellow in colour,,,https://static.wikia.nocookie.net/harrypotter/images/e/e3/Chelidonium_Miniscula.jpg,,,,,,https://harrypotter.fandom.com/wiki/Chelidonium_Miniscula
Confusing Concotion,confusing-concoction,,Moderate to advanced,Confusion,,"Scurvy grass, Lovage, Sneezewort",,,,,https://harrypotter.fandom.com/wiki/Confusing_Concoction
Cough Potion,cough-potion,,Advanced,Cured coughing,https://static.wikia.nocookie.net/harrypotter/images/6/6e/Cough_Potion_HM_Icon.png,,,,,,https://harrypotter.fandom.com/wiki/Cough_potion
Cupid Crystals,cupid-crystals,Light pink colour,,Causes the drinker to become infatuated with the giver of the potion,https://static.wikia.nocookie.net/harrypotter/images/9/97/CupidCrystals.jpg,Pearl Dust,Fred and George Weasley,,,,https://harrypotter.fandom.com/wiki/Cupid_Crystals
Cure for Boils,cure-for-boils,"Blue in colour, Emits pink smoke when completed",Beginner,Removes boils,https://static.wikia.nocookie.net/harrypotter/images/4/4b/Cure_for_Boils_2.png,"Dried nettles, 6 snake fangs, 4 horned slugs, 2 porcupine quills, Pungous Onions, Flobberworm Mucus, Ginger root, Shrake spines",,,Caused nasty boils to erupt on skin if brewed badly,,https://harrypotter.fandom.com/wiki/Cure_for_Boils
Dawdle Draught,dawdle-draught,Orange in colour,,Helps deal with Traces,https://static.wikia.nocookie.net/harrypotter/images/b/b6/Dawdle_Draught.png,"Valerian root, Sopophorous bean, Butterscotch, Hermit crab shell",,,,Six hours,https://harrypotter.fandom.com/wiki/Dawdle_Draught
Death-Cap Draught,death-cap-draught,Red in colour,,Poisonous,https://static.wikia.nocookie.net/harrypotter/images/7/7f/Death-Cap_Draught.JPG,Death-Cap,,,,,https://harrypotter.fandom.com/wiki/Death-Cap_Draught
Death potion,death-potion,Black in colour,,"Highly corrosive, death on contact",https://static.wikia.nocookie.net/harrypotter/images/3/3d/Death_Potion_FB1.png,,,Magical Congress of the United States of America (presumably),,,https://harrypotter.fandom.com/wiki/Death_potion
Deflating Draught,deflating-draught,Green in colour,Ordinary Wizarding Level,Deflated the target,https://static.wikia.nocookie.net/harrypotter/images/9/9b/Deflating_Draught_HM.png,,,,,,https://harrypotter.fandom.com/wiki/Deflating_Draught
Developing solution,developing-solution,,,Develops moving photographs,,,,,,,https://harrypotter.fandom.com/wiki/Developing_solution
Dizziness Draught,dizziness-draught,,,Dizziness,https://static.wikia.nocookie.net/harrypotter/images/3/37/Dizziness_Draught.jpg,,,,,,https://harrypotter.fandom.com/wiki/Dizziness_Draught
Dogbane Potion,dogbane-potion,,,Poisonous to dogs (possibly),https://static.wikia.nocookie.net/harrypotter/images/e/e9/Dogbane_Potion.png,Dogbane (possibly),,,,,https://harrypotter.fandom.com/wiki/Dogbane_Potion
Dogbreath Potion,dogbreath-potion,Purple-coloured,,Gives drinker fiery breath,https://static.wikia.nocookie.net/harrypotter/images/6/68/Dogbreath_Potion.jpg,,,,,,https://harrypotter.fandom.com/wiki/Dogbreath_Potion
Doxycide,doxycide,"Black in colour, Typically delivered as a spray",Moderate,Temporarily stunned Doxies so that the pests could be removed from a home,https://static.wikia.nocookie.net/harrypotter/images/d/d1/Doxycide-potion-part-2.png,"Bundimun Ooze, Streeler shells, Dragon liver, Hemlock essence, Tormentil tincture, Cowbane essence",Zygmunt Budge,,,,https://harrypotter.fandom.com/wiki/Doxycide
Dr Ubbly's Oblivious Unction,dr-ubbly-s-oblivious-unction,,,Healed wounds left by negative thoughts,,,Dr Ubbly (presumably),,,,https://harrypotter.fandom.com/wiki/Dr_Ubbly's_Oblivious_Unction
Dragon Poison,dragon-poison,Dark green in colour,,Poisonous,https://static.wikia.nocookie.net/harrypotter/images/9/92/Dragon_Poison.JPG,,,,,,https://harrypotter.fandom.com/wiki/Dragon_Poison
Dragon Tonic,dragon-tonic,,,Cures sick dragons,,"1 Eagle owl feather, 3 Peacock feathers, 3 Giant Purple Toad warts",,,,,https://harrypotter.fandom.com/wiki/Dragon_Tonic
Dragon dung fertiliser,dragon-dung-fertiliser,Light green in colour,Moderate/Advanced,Promotes the growth of plants,https://static.wikia.nocookie.net/harrypotter/images/7/70/Dragon_dung_fertiliser.JPG,"Sloth brain, 7 pieces of Dragon dung, Stewed Mandrake, 2 rat spleens, Toasted dragonfly thoraxes, 3 Flying Seahorses",,,,,https://harrypotter.fandom.com/wiki/Dragon_dung_Fertiliser
Draught of Living Death,draught-of-living-death,Turned pale lilac colour then clear,Advanced,"Caused the drinker to fall into a deep, death-like slumber",https://static.wikia.nocookie.net/harrypotter/images/e/e8/Draught_of_living_death.gif,"Standard potioning water, Powdered Root of Asphodel, Infusion of Wormwood, Valerian root, A Sopophorous bean, A Sloth brain, Moondew, Flower head",,,,,https://harrypotter.fandom.com/wiki/Draught_of_Living_Death
Draught of Peace,draught-of-peace,Emitted light silver vapour,Advanced,Relieved anxiety,https://static.wikia.nocookie.net/harrypotter/images/c/cf/Draught_of_Peace_HM.png,"Powdered moonstone, Syrup of Hellebore, Stewed Mandrake, Powdered Unicorn horn, Powdered Porcupine quills",,,Overdoing the ingredients may have resulted in a long or irreversible sleep,90 minutes,https://harrypotter.fandom.com/wiki/Draught_of_Peace
Drowsiness Draught,drowsiness-draught,Produces light purple steam,,Induces drowsiness,https://static.wikia.nocookie.net/harrypotter/images/9/94/Drowsiness_Draught.png,,,,,,https://harrypotter.fandom.com/wiki/Drowsiness_Draught
Edurus Potion,edurus-potion,Gold in colour,,Gave the drinker rocky skin,https://static.wikia.nocookie.net/harrypotter/images/9/9b/Edurus_Potion.png,"1 batch of Ashwinder eggs, 1 piece of mongrel fur",,,,,https://harrypotter.fandom.com/wiki/Edurus_Potion
Elixir 7,elixir-7,Deep brown in colour,,,https://static.wikia.nocookie.net/harrypotter/images/5/5e/Elixir_7.png,Alcohol,,,Unknown side effects from more than five drops,,https://harrypotter.fandom.com/wiki/Elixir_7
Elixir of Life,elixir-of-life,,,Immortality,https://static.wikia.nocookie.net/harrypotter/images/2/25/Elixir_of_Life.jpg,,Nicolas Flamel (by inventing the Philosopher's Stone),The Philosopher's Stone,Drinker became dependent upon advanced age,,https://harrypotter.fandom.com/wiki/Elixir_of_Life
Elixir to Induce Euphoria,elixir-to-induce-euphoria,"Sunshine yellow in colour, Emits rainbow when finished",Advanced,Induces happiness,https://static.wikia.nocookie.net/harrypotter/images/6/65/Elixir_to_Induce_Euphoria.png,"Shrivelfig, Porcupine quills, Peppermint sprigs, Sopophorous beans, Wormwood",,,"Excessive singing, Nose-tweaking",,https://harrypotter.fandom.com/wiki/Elixir_to_Induce_Euphoria
Emerald Potion,emerald-potion,"Emerald green in colour, Glows phosphorescently",,"Induced fear, delirium, intense stomach pain and extreme thirst in the drinker",https://static.wikia.nocookie.net/harrypotter/images/6/68/Emerald_Green_Potion.jpg,,Lord Voldemort (quite possibly),Lord Voldemort (quite possibly),,,https://harrypotter.fandom.com/wiki/Emerald_Potion
Erumpent Potion,erumpent-potion,Green or orange in colour,Ordinary Wizarding Level,Explodes when touched,https://static.wikia.nocookie.net/harrypotter/images/3/3a/ErumpentPotionHM.png,"Erumpent horn (presumably), Erumpent tail (presumably), Exploding Fluid (presumably)",,,,,https://harrypotter.fandom.com/wiki/Erumpent_Potion
Essence of Insanity,essence-of-insanity,Green in colour,Advanced,Mental instability,https://static.wikia.nocookie.net/harrypotter/images/a/a7/Essence_of_Insanity_HM_Icon.png,"Frog brains, Beetle Eyes",,,,,https://harrypotter.fandom.com/wiki/Essence_of_Insanity
Everklena,everklena,,,"Supposedly cleaned, but actually spawned mould and grime",https://static.wikia.nocookie.net/harrypotter/images/f/fd/Everklena.jpg,,Erica Stainwright,Erica Stainwright,,,https://harrypotter.fandom.com/wiki/Everklena
Everlasting Elixirs,everlasting-elixirs,Blue in colour,Advanced,Permanent magical effects,https://static.wikia.nocookie.net/harrypotter/images/7/7f/Everlasting_Elixir_HM_Icon.png,,,,,,https://harrypotter.fandom.com/wiki/Everlasting_Elixirs
Exploding Potion,exploding-potion,Acid-green or blue in colour,,Volatile mixture,https://static.wikia.nocookie.net/harrypotter/images/6/6c/Exploding_Fluid.jpg,"An ice pop, A red spider, Flowers",,,,,https://harrypotter.fandom.com/wiki/Exploding_Potion
Exstimulo Potion,exstimulo-potion,Sky blue in colour,Beginner,Increased the spell power of a single spell cast,https://static.wikia.nocookie.net/harrypotter/images/e/e5/Exstimulo_Potion.png,"Re'em blood, Granian hair, Snowdrop, Bitter root",,,,Two hours,https://harrypotter.fandom.com/wiki/Exstimulo_Potion
Fake protective potions,fake-protective-potions,Fraudulent solutions,,Supposedly protect the drinker from the effects of dark magic (likely useless),,"Bubotuber Pus, Gravy",,,Likely harmful side effects,,https://harrypotter.fandom.com/wiki/Fake_protective_potions
Fatiguing Fusion,fatiguing-fusion,Green-coloured smoke,,Causes fatigue,https://static.wikia.nocookie.net/harrypotter/images/f/fc/Fatiguing_Fusion.jpg,,,,,,https://harrypotter.fandom.com/wiki/Fatiguing_Fusion
Felix Felicis,felix-felicis,"Molten gold in colour, Droplets leap like goldfish above potion's surface when in cauldron",Advanced,Makes the drinker lucky,https://static.wikia.nocookie.net/harrypotter/images/8/84/Felix_Felicis_Phial_HBP.png,"Ashwinder egg, Squill bulb, Murtlap tentacles, Tincture of thyme, Occamy eggshell, Powdered common rue",Zygmunt Budge,,"Giddiness and recklessness with overuse, Extremely toxic in large quantities, Highly disastrous if brewed incorrectly",Six months,https://harrypotter.fandom.com/wiki/Felix_Felicis
Fergus Fungal Budge,fergus-fungal-budge,,,"Treats ringworm, fungicide",https://static.wikia.nocookie.net/harrypotter/images/d/d0/Fergus_Fungal_Budge.JPG,"Onion juice, Jewelweed, Neem oil",,,Potential negative side effects if used by elves,,https://harrypotter.fandom.com/wiki/Fergus_Fungal_Budge
Fire-Breathing Potion,fire-breathing-potion,Fiery orange in colour,,Makes a human breath fire,https://static.wikia.nocookie.net/harrypotter/images/6/66/HM_y2_Fire-Breathing_Potion.png,"Mint, Valerian Sprigs, Fire Seeds, Powdered dragon horn, Lavender",,,Can burn skin,,https://harrypotter.fandom.com/wiki/Fire-Breathing_Potion
Fire-Protection Potion,fire-protection-potion,Blue in colour,Beginner,Protects drinker from fire,https://static.wikia.nocookie.net/harrypotter/images/8/8e/HM_y2_Fire_Protection_Potion.png,"Bursting mushrooms, Salamander blood, Wartcap powder",,,Sensation of ice flooding body,,https://harrypotter.fandom.com/wiki/Fire_Protection_Potion
First Love Beguiling Bubbles,first-love-beguiling-bubbles,Red in colour,,Causes the drinker to become infatuated with the giver of the potion,https://static.wikia.nocookie.net/harrypotter/images/9/9a/BeguilingBubbles.jpg,Pearl Dust,Fred and George Weasley,,,,https://harrypotter.fandom.com/wiki/First_Love_Beguiling_Bubbles
Flesh-Eating Slug Repellent,flesh-eating-slug-repellent,Water-clear in colour,,Repels Flesh-Eating Slugs,https://static.wikia.nocookie.net/harrypotter/images/b/ba/Flesh-eating-slug-repellent-lrg.png,,,,,,https://harrypotter.fandom.com/wiki/Flesh-Eating_Slug_Repellent
Forgetfulness Potion,forgetfulness-potion,Orange in colour,Beginner,Memory loss,https://static.wikia.nocookie.net/harrypotter/images/a/aa/Forgetfulness-potion.png,"2 drops of Lethe River Water, 2 Valerian sprigs, 2 measures of Standard Ingredient, 4 mistletoe berries",,,,,https://harrypotter.fandom.com/wiki/Forgetfulness_Potion
Frog Parts Mixture,frog-parts-mixture,,,,https://static.wikia.nocookie.net/harrypotter/images/d/dd/Frog_Parts_Mixture.jpg,Frog parts,,,,,https://harrypotter.fandom.com/wiki/Frog_Parts_Mixture
Fungiface Potion,fungiface-potion,Red in colour,,Causes the drinker's face to break out in fungi,https://static.wikia.nocookie.net/harrypotter/images/c/ca/Fungiface_Potion.JPG,Fungi (presumably),,,,,https://harrypotter.fandom.com/wiki/Fungiface_Potion
Garrotting Gas,garrotting-gas,Colourless,Advanced,"Causes choking, possibly suffocation",https://static.wikia.nocookie.net/harrypotter/images/3/32/Garrotting_Gas_HM.png,,,,,,https://harrypotter.fandom.com/wiki/Garrotting_Gas
Germinating Potion,germinating-potion,Green in colour,,Germinated plants,https://static.wikia.nocookie.net/harrypotter/images/f/fe/Germinating_Potion_MA.png,,,,,,https://harrypotter.fandom.com/wiki/Germinating_Potion
Girding Potion,girding-potion,"Green or red in colour, Foul odour",Moderate,Prolonged endurance,https://static.wikia.nocookie.net/harrypotter/images/0/02/Girding_Potion_HBPG.png,"Dragonfly thoraxes, Flying Seahorses, Doxy eggs, Fairy wings",,,,,https://harrypotter.fandom.com/wiki/Girding_Potion
Grand Pepperup Potion,grand-pepperup-potion,Red in colour,,Relieved and/or cured cold symptoms,https://static.wikia.nocookie.net/harrypotter/images/a/a0/Grand_Pepperup_Potion.jpg,"Octopus Powder, Bicorn horn, Mandrake Root",Glover Hipworth (possibly),,Caused steam to come out of the drinker's ears for a few hours,,https://harrypotter.fandom.com/wiki/Grand_Pepperup_Potion
Grand Wiggenweld Potion,grand-wiggenweld-potion,Green in colour,Beginner,"Heals injuries, restores stamina",https://static.wikia.nocookie.net/harrypotter/images/2/26/Grand_Wiggenweld_Potion.jpg,"Octopus Powder, Unicorn horn, Wolfsbane",,,,,https://harrypotter.fandom.com/wiki/Grand_Wiggenweld_Potion
Gregory's Unctuous Unction,gregory-s-unctuous-unction,Green smoke,,Made the drinker think the one who gave them the potion was their best friend,https://static.wikia.nocookie.net/harrypotter/images/0/0a/Gregory%27s_Unctuous_Unction.jpg,,Gregory the Smarmy,,,,https://harrypotter.fandom.com/wiki/Gregory's_Unctuous_Unction
Hair-Raising Potion,hair-raising-potion,Green in colour,Beginner to Ordinary Wizarding Level,Raises hair up on end,https://static.wikia.nocookie.net/harrypotter/images/b/bb/Hair_Raising_Potion_HM_Icon.png,"Rat tails, Porcupine quills, Billywig stings",,,,,https://harrypotter.fandom.com/wiki/Hair-Raising_Potion
Hate Potion,hate-potion,,,Revealed the worst traits of a person to the drinker,,,,,,,https://harrypotter.fandom.com/wiki/Hate_Potion
Healing Potion,healing-potion,Blood red in colour,Beginner,"Healing, replenishes lost health and stamina to the drinker",https://static.wikia.nocookie.net/harrypotter/images/e/ec/Healing_Potion_WU.png,"Wormwood, Bubotuber pus, Dittany, Dragon liver, Unicorn tail hair",,,,Two hours,https://harrypotter.fandom.com/wiki/Healing_Potion
Heartbreak Teardrops,heartbreak-teardrops,Red in colour,,Causes the drinker to become infatuated with the giver of the potion,https://static.wikia.nocookie.net/harrypotter/images/f/ff/HeartbreakTeardrops.jpg,Pearl Dust,Fred and George Weasley,,,,https://harrypotter.fandom.com/wiki/Heartbreak_Teardrops
Herbicide Potion,herbicide-potion,"Green in colour, Disgusting taste",Beginner to advanced,Killed or damaged plants,https://static.wikia.nocookie.net/harrypotter/images/d/d0/Herbicide.png,"Flobberworm Mucus, Horklump juice, Lionfish spines, Standard Ingredient",,,,,https://harrypotter.fandom.com/wiki/Herbicide_Potion
Hiccoughing Solution,hiccoughing-solution,Yellow in colour,,Presumably causes hiccoughs,https://static.wikia.nocookie.net/harrypotter/images/9/92/HiccoughingSolution.png,,,,,,https://harrypotter.fandom.com/wiki/Hiccoughing_Solution
Invigoration Draught,invigoration-draught,Orange or blue in colour,Ordinary Wizarding Level,Energised the drinker,https://static.wikia.nocookie.net/harrypotter/images/9/98/Invigoration-draught.png,"Alihotsy leaves, Dried billywig stings, Peppermint, Stewed Mandrake, Infusion of Wormwood, Honeywater, Vervain infusion, Scurvy grass, Lovage",,,,Three hours,https://harrypotter.fandom.com/wiki/Invigoration_Draught
Invisibility Potion,invisibility-potion,"Silver in colour, Very bubbly",Moderate,Temporary invisibility,https://static.wikia.nocookie.net/harrypotter/images/a/a5/Invisibility_Potion_HL.png,"Cherries, Chicken, Spiders, 1 Leaping Toadstool cap, 1 knotgrass sprig, 1 troll bogey",,,,,https://harrypotter.fandom.com/wiki/Invisibility_Potion
Jawbind potion,jawbind-potion,Blue in colour and misty,,Causes lockjaw,https://static.wikia.nocookie.net/harrypotter/images/3/3e/Jawbind_Potion.png,,,,,,https://harrypotter.fandom.com/wiki/Jawbind_Potion
Kissing Concoction,kissing-concoction,Clear in colour,,Causes the drinker to become infatuated with the giver of the potion,https://static.wikia.nocookie.net/harrypotter/images/e/e0/KissingConcoction.jpg,Pearl Dust,Fred and George Weasley,,,,https://harrypotter.fandom.com/wiki/Kissing_Concoction
Laugh-inducing Potion,laugh-inducing-potion,Red-coloured when finished,,Provoked uncontrollable laughter,https://static.wikia.nocookie.net/harrypotter/images/d/da/Laugh-inducing_Potion.jpg,,,,,,https://harrypotter.fandom.com/wiki/Laugh-inducing_Potion
Laxative Potion,laxative-potion,,,Laxative,,"Two scrumples of an unknown ingredient, An ingredient used in a furnace, Agrimonia",,,,,https://harrypotter.fandom.com/wiki/Laxative_Potion
Love potion,love-potion,Pink in colour,Advanced,Infatuation with whoever offered the potion,https://static.wikia.nocookie.net/harrypotter/images/3/39/Bottle-of-love-potion-lrg.png,"Ashwinder eggs, Rose thorns, Peppermint, Powdered Moonstone, Pearl Dust, Rose Petals","Laverne de Montmorency, Fred Weasley, George Weasley",,Embarrassment on the part of the drinker,,https://harrypotter.fandom.com/wiki/Love_Potion
Love Potion Antidote,love-potion-antidote,"Clear, colourless",,Served as an antidote for love potions,https://static.wikia.nocookie.net/harrypotter/images/9/9a/Love_Potion_Antidote.jpg,"Liquorice roots, Castor oil, Extract of Gurdyroot",,,,,https://harrypotter.fandom.com/wiki/Love_Potion_Antidote
Madame Glossy's Silver Polish,madame-glossy-s-silver-polish,,,Polished silver objects,https://static.wikia.nocookie.net/harrypotter/images/d/df/Madame_Glossy%27s_Silver_Polish.jpg,,,Madame Glossy's Finest Cleaning Products Ltd.,,,https://harrypotter.fandom.com/wiki/Madame_Glossy's_Silver_Polish
Malevolent Mixture,malevolent-mixture,Purple in colour,,Poison or other foul effects (most likely),https://static.wikia.nocookie.net/harrypotter/images/b/bd/Malevolent_Mixture.jpg,,,,,,https://harrypotter.fandom.com/wiki/Malevolent_Mixture
Mandrake Restorative Draught,mandrake-restorative-draught,Green in colour,Advanced,Returned transfigured or cursed individuals to their original state,https://static.wikia.nocookie.net/harrypotter/images/8/88/Mandrake_Restorative_Draught_HM_icon.png,Stewed Mandrake,,,,,https://harrypotter.fandom.com/wiki/Mandrake_Restorative_Draught
Manegro Potion,manegro-potion,,,Rapid hair growth,https://static.wikia.nocookie.net/harrypotter/images/e/e0/Manegro_Potion.JPG,,,,,,https://harrypotter.fandom.com/wiki/Manegro_Potion
Maximum Turbo Farts Potion,maximum-turbo-farts-potion,,,Excessive flatulence,https://static.wikia.nocookie.net/harrypotter/images/3/30/MaximumTurboFartsPotion.jpg,,,,,,https://harrypotter.fandom.com/wiki/Maximum_Turbo_Farts_Potion
Memory Potion,memory-potion,Golden in colour,Advanced,Enhanced the drinker's memory,https://static.wikia.nocookie.net/harrypotter/images/0/07/Memory_Potion_HM_Icon.png,"Jobberknoll feathers, Stewed Mandrake, Powdered Sage, Galanthus Nivalis, Alihotsy, Peppermint, Eel eyes",,,,Two minutes and fifteen seconds,https://harrypotter.fandom.com/wiki/Memory_Potion
Moonseed Poison,moonseed-poison,Silver in colour,,Poisonous,https://static.wikia.nocookie.net/harrypotter/images/6/6b/Moonseed_Poison.JPG,Moonseed,,,,,https://harrypotter.fandom.com/wiki/Moonseed_Poison
Mopsus Potion,mopsus-potion,,,"Gives seer-like powers (possibly), Gives telekinetic powers (possibly)",https://static.wikia.nocookie.net/harrypotter/images/4/4a/MopsusPotion.png,,,,,,https://harrypotter.fandom.com/wiki/Mopsus_Potion
Mouth Itching Antidote,mouth-itching-antidote,Pale green in colour,,Cured mouth itching,https://static.wikia.nocookie.net/harrypotter/images/f/fa/Mouth_Itching_Antidote.jpg,,,,,,https://harrypotter.fandom.com/wiki/Mouth_Itching_Antidote
Mrs Skower's All-Purpose Magical Mess Remover,mrs-scower-s-all-purpose-magical-mess-remover,Strong acrid odour,,Cleans stains,https://static.wikia.nocookie.net/harrypotter/images/5/53/Mrs_Scower%27s_All_Purpose_Magical_Mess_Remover.jpg,,Mrs Skower (presumably) (after 1492),,,,https://harrypotter.fandom.com/wiki/Mrs_Scower's_All-Purpose_Magical_Mess_Remover
Muffling Draught,muffling-draught,Produced blue-coloured fumes,,Prevented inhaler from speaking,https://static.wikia.nocookie.net/harrypotter/images/e/ed/Muffling_Draught.JPG,,,,,,https://harrypotter.fandom.com/wiki/Muffling_Draught
Murtlap Essence,murtlap-essence,Blue in colour,,Soothes and heals cuts and abrasions,https://static.wikia.nocookie.net/harrypotter/images/b/b6/Murtlap_Essence.jpg,Murtlap tentacles,,,,,https://harrypotter.fandom.com/wiki/Murtlap_Essence
Narglecide,narglecide,,,Killed Nargles,,,,,,,https://harrypotter.fandom.com/wiki/Narglecide
Noxious Poison,noxious-poison,Green-coloured smoke,,Poisonous,https://static.wikia.nocookie.net/harrypotter/images/9/99/Noxious_Poison_TCG.jpg,,,,,,https://harrypotter.fandom.com/wiki/Noxious_Poison
Oculus Potion,oculus-potion,Orange in colour,Moderate,"Restored sight, Counteracted the Conjunctivitis Curse",https://static.wikia.nocookie.net/harrypotter/images/f/f7/OculusPotion.png,"Infusion of Wormwood, Stewed Mandrake, Ground unicorn horn, Unidentified blue powder",,,,,https://harrypotter.fandom.com/wiki/Oculus_Potion
Pepperup Elixir,pepperup-elixir,,,,https://static.wikia.nocookie.net/harrypotter/images/2/21/PepperupElixir.jpg,46% Alcohol,,,Possible negative side-effects from more than 7\21 drops per potion,,https://harrypotter.fandom.com/wiki/Pepperup_Elixir
Pepperup Potion,pepperup-potion,Red in colour,Moderate,"Cured common cold, Warmed up recipient",https://static.wikia.nocookie.net/harrypotter/images/2/26/PepperupPotionHM.png,"Bicorn horn, Mandrake root, Jewelweed",Glover Hipworth,,Steam emitted from drinker's ears,,https://harrypotter.fandom.com/wiki/Pepperup_Potion
Polyjuice Potion,polyjuice-potion,"Thick and mud-like, Bubbles slowly, Taste and colour varied depending on the person being turned into",Advanced,Allowed a human drinker to temporarily assume the form of another person,https://static.wikia.nocookie.net/harrypotter/images/1/1b/B2C12M2_Polyjuice_Potion_ready.jpg,"Lacewing flies (stewed for 21 days), Leeches, Powdered bicorn horn, Knotgrass, Fluxweed (picked at full moon), Shredded boomslang skin, A bit of the person one wanted to turn into (typically hair)",,,Attempts to transform into animals or part-humans would not reverse automatically,One month,https://harrypotter.fandom.com/wiki/Polyjuice_Potion
Pomfrey's Pick-Me-Up,pomfrey-s-pick-me-up,Emerald-green colour,,"A restorative, tonic or bracer",https://static.wikia.nocookie.net/harrypotter/images/6/65/Pomfrey%27s_Pick-Me-Up.jpg,,Poppy Pomfrey (most likely),,,,https://harrypotter.fandom.com/wiki/Pomfrey's_Pick-Me-Up
Pompion Potion,pompion-potion,Orange-coloured,Beginner,Turns the drinker's head into a pumpkin,https://static.wikia.nocookie.net/harrypotter/images/0/0f/Pumpkin-head_potion.jpg,"Flitterby Moth, Bouncing Bulb, Foxglove",,,,,https://harrypotter.fandom.com/wiki/Pompion_Potion
Potion № 07,potion-n-07,Experimental mixture (possibly),,Poisonous,https://static.wikia.nocookie.net/harrypotter/images/0/07/Potion_N._07.png,"Powdered Lionfish, Essence of Venomous Tentacula",,,,,https://harrypotter.fandom.com/wiki/Potion_N._07
Potion N. 220,potion-n-220,,,,,,,,,,https://harrypotter.fandom.com/wiki/Potion_N._220
Potion № 113,potion-no-113,"Experimental mixture (possibly), Brown in colour",,Extremely Poisonous,https://static.wikia.nocookie.net/harrypotter/images/2/2d/Potion_N.113.jpg,"Jobberknoll feathers, Syrup of Arnica",,,,,https://harrypotter.fandom.com/wiki/Potion_No._113
Potion No. 329,potion-no-329,,,,https://static.wikia.nocookie.net/harrypotter/images/f/fc/Potion_No._329.jpg,,,Hogwarts Apothecary Department,,,https://harrypotter.fandom.com/wiki/Potion_No._329
Potion № 86,potion-no-86,Black in colour,,Poisonous,https://static.wikia.nocookie.net/harrypotter/images/9/9f/Potion_N.86.jpg,"Powdered moonstone, Syrup of Hellebore",,,,,https://harrypotter.fandom.com/wiki/Potion_No._86
Potion for Dreamless Sleep,potion-for-dreamless-sleep,Purple in colour,Advanced,"Drowsiness, dreamless sleep",https://static.wikia.nocookie.net/harrypotter/images/f/f6/Potion_for_Dreamless_Sleep_PM.png,"Wormwood, Lavender",,,,,https://harrypotter.fandom.com/wiki/Potion_for_Dreamless_Sleep
Quodpot solution,quodpot-solution,,,Prevents Quods from exploding,,,,,,,https://harrypotter.fandom.com/wiki/Quodpot_solution
Rano Potion,rano-potion,,,,,,,,,,https://harrypotter.fandom.com/wiki/Rano_Potion
Rat Spleen Mixture,rat-spleen-mixture,,,,https://static.wikia.nocookie.net/harrypotter/images/e/eb/Rat_Spleen_Mixture.jpg,"Rat spleen (15 fl.oz), Kneazle hair (09 fl.oz), Avocado skin (14 fl.oz), Shrake spikes (28 fl.oz), Knotgrass (34 fl.oz), Gurdyroot (39 fl.oz)",,,,,https://harrypotter.fandom.com/wiki/Rat_Spleen_Mixture
Rat Tonic,rat-tonic,Green or red in colour,Advanced,Healed rats,https://static.wikia.nocookie.net/harrypotter/images/0/0f/Rat-tonic-lrg.png,,,,Abnormal growth of the rat if too much was drunk by rat,,https://harrypotter.fandom.com/wiki/Rat_tonic
Regeneration potion,regeneration-potion,"Fiery sparks when begun, Poisonous blue when the bone is added, Burning red when the flesh is added, Blinding white becoming steam when blood is added",Advanced,Restores a disfigured wizard to their true and whole bodily form,https://static.wikia.nocookie.net/harrypotter/images/8/85/Rebirth_of_Voldemort_GIF.gif,"Bone of the father, Flesh of a servant, Blood of an enemy",,,,,https://harrypotter.fandom.com/wiki/Regeneration_potion
Regerminating Potion,regerminating-potion,Green or golden in colour,Advanced,Germinated plants,https://static.wikia.nocookie.net/harrypotter/images/f/f1/Regerminating_Potion_HM_Icon.png,,Tilden Toots,,,,https://harrypotter.fandom.com/wiki/Regerminating_Potion
Replenishing Potion,replenishing-potion,,,Replenishes something,https://static.wikia.nocookie.net/harrypotter/images/5/56/ReplenishingPotion.jpg,,,Hogwarts Apothecary Dept.,,,https://harrypotter.fandom.com/wiki/Replenishing_Potion
Restoration Potion,restoration-potion,Purple-coloured,,Reverted spell effects on objects or creatures,https://static.wikia.nocookie.net/harrypotter/images/f/f1/Restoration_Potion.jpg,,,,,,https://harrypotter.fandom.com/wiki/Restoration_Potion
Revive Potion,revive-potion,Red,,Awakened victim,https://static.wikia.nocookie.net/harrypotter/images/8/85/RevivePotion.png,,,,,,https://harrypotter.fandom.com/wiki/Revive_Potion
Rudimentary body potion,rudimentary-body-potion,,,Helps restore non-corporeal wizards to a rudimentary bodies/sustains rudimentary bodies,https://static.wikia.nocookie.net/harrypotter/images/b/b9/Voldemort%27s_rudimentary_body_%28concept_artwork_for_HP4_movie%29.jpg,"Nagini's venom, Unicorn blood",,,,,https://harrypotter.fandom.com/wiki/Rudimentary_body_potion
Scintillation Solution,scintillation-solution,"Turquoise in colour, Sparkling upon completion",Advanced,Could make objects shine,https://static.wikia.nocookie.net/harrypotter/images/d/dd/Scintillation_Solution_HM_Icon.png,"Powdered unicorn horn, Runespoor eggs",,,,Two hours and fifty minutes,https://harrypotter.fandom.com/wiki/Scintillation_Solution
Screaming Snakes Hair Potion,screaming-snakes-hair-potion,,,Hair turns into screaming snakes (presumed),https://static.wikia.nocookie.net/harrypotter/images/5/56/ReplenishingPotion.jpg,,,,,,https://harrypotter.fandom.com/wiki/Screaming_Snakes_Hair_Potion
Shrinking Solution,shrinking-solution,Acid green in colour,Moderate,Causes living beings to shrink to a smaller form,https://static.wikia.nocookie.net/harrypotter/images/9/95/Shrinking-solution-part-2.png,"Minced daisy roots, Peeled Shrivelfig, Sliced caterpillars, One rat spleen, A dash of leech juice, A splash of cowbane, Wormwood",Zygmunt Budge,,Poisonous if brewed incorrectly,,https://harrypotter.fandom.com/wiki/Shrinking_Solution
Skele-Gro,skele-gro,"Smoked when poured, Vile taste, Burned on the way down, Yellow in colour",Moderate,Restored bones,https://static.wikia.nocookie.net/harrypotter/images/6/6e/Skele-gro.png,"1 Chinese Chomping Cabbage, 3 Puffer-fish, 5 Scarab beetles, 1 Fanged Geranium, 1 arm bone, 1 red spider",Linfred of Stinchcombe (original version),Rubens Winikus and Company Inc.,,,https://harrypotter.fandom.com/wiki/Skele-Gro
Sleekeazy's Hair Potion,sleekeazy-s-hair-potion,,,Makes hair more manageable,https://static.wikia.nocookie.net/harrypotter/images/c/c6/SleekeasysHairPotion2.jpg,"Gomas Barbadensis, Asian Dragon Hair, Petroleum Jelly",Fleamont Potter,,Unique results for redheads,,https://harrypotter.fandom.com/wiki/Sleekeazy's_Hair_Potion
Sleeping Draught,sleeping-draught,Dark purple,Beginner to Advanced,Make the drinker quickly fall into a deep but temporary sleep,https://static.wikia.nocookie.net/harrypotter/images/2/2b/Sleeping_Draught.png,"4 sprigs of Lavender, 6 measures of Standard Ingredient, 2 blobs of Flobberworm Mucus, 4 Valerian sprigs, Wormwood, Powdered Asphodel petals, Flobberworm Mucus, Sopophorous bean, Valerian sprigs, Nettle essence",,,,,https://harrypotter.fandom.com/wiki/Sleeping_Draught
Snuffling Potion,snuffling-potion,Clear smoke upon completion,,Enhances the drinker sense of smell,https://static.wikia.nocookie.net/harrypotter/images/a/a0/Snuffling_Potion.jpg,,,,,,https://harrypotter.fandom.com/wiki/Snuffling_Potion
Solution 078,solution-078,Muddy-brown colour,,,https://static.wikia.nocookie.net/harrypotter/images/5/5e/Solution_078.jpg,,,,,,https://harrypotter.fandom.com/wiki/Solution_078
Solution 125,solution-125,Muddy-brown colour,,,https://static.wikia.nocookie.net/harrypotter/images/e/e6/Solution_125.jpg,,,,,,https://harrypotter.fandom.com/wiki/Solution_125
Star Grass Salve,star-grass-salve,Greenish substance,,Healing; soothing injuries,https://static.wikia.nocookie.net/harrypotter/images/7/78/Star_Grass_Salve.JPG,Star Grass,,,,,https://harrypotter.fandom.com/wiki/Star_Grass_Salve
Strength Potion,strength-potion,Orange in colour,Beginner,Superhuman strength,https://static.wikia.nocookie.net/harrypotter/images/2/2a/Strength_Potion_LEGOY2.gif,"Fanged Geranium, Arm bone, Snake fang",,,,,https://harrypotter.fandom.com/wiki/Strength_Potion
Strengthening Solution,strengthening-solution,Turquoise in colour,Beginner to advanced,Superhuman strength,https://static.wikia.nocookie.net/harrypotter/images/0/04/HM_y2_Strengthening_Solution.png,"Salamander blood, Powdered Griffin claw",,,,Two days,https://harrypotter.fandom.com/wiki/Strengthening_Solution
Strong Exstimulo Potion,strong-exstimulo-potion,Electric blue in colour,Beginner,Strongly boosted the spell-casting power of the drinker for four spell casts,https://static.wikia.nocookie.net/harrypotter/images/a/a7/Strong_Exstimulo_Potion_WU.png,"Bitter root, Snowdrop, Abraxan hair, Re'em blood",,,,Four hours,https://harrypotter.fandom.com/wiki/Strong_Exstimulo_Potion
Strong Invigoration Draught,strong-invigoration-draught,Fiery orange in colour,Advanced,Significantly boosts the energy and focus of the drinker,https://static.wikia.nocookie.net/harrypotter/images/3/3a/Strong_Invigoration_Draught_WU.png,"Honeywater, Vervain infusion, Scurvy grass, Sneezewort",,,,Six hours,https://harrypotter.fandom.com/wiki/Strong_Invigoration_Draught
Swelling Solution,swelling-solution,Yellow in colour,Beginner,Causes enlargement on contact,https://static.wikia.nocookie.net/harrypotter/images/a/ad/Swelling_Solution_PM.png,"Puffer-fish eyes, Dried nettles, Bat spleens",,,,,https://harrypotter.fandom.com/wiki/Swelling_Solution
Ten-Second Pimple Vanisher,ten-second-pimple-vanisher,Pink in colour,,"Treats boils, pimples, blackheads and acne",https://static.wikia.nocookie.net/harrypotter/images/2/25/Ten-Second_Pimple_Vanisher.jpg,,Fred and George Weasley,Weasleys' Wizard Wheezes,,,https://harrypotter.fandom.com/wiki/Ten-Second_Pimple_Vanisher
Golden potion,thick-golden-potion,Golden in colour,,"Healing, curse quarantining",https://static.wikia.nocookie.net/harrypotter/images/6/6f/Thick_golden_potion.png,,,,,,https://harrypotter.fandom.com/wiki/Thick_golden_potion
Tolipan Blemish Blitzer,tolipan-blemish-blitzer,"White in colour, Thick paste consistency",,Treats acne,https://static.wikia.nocookie.net/harrypotter/images/c/c1/TolipanBlemishBlitzer.png,Dragon claw,,,,,https://harrypotter.fandom.com/wiki/Tolipan_Blemish_Blitzer
Truth Serum,truth-serum,,,Forced the drinker to tell the truth,https://static.wikia.nocookie.net/harrypotter/images/d/d9/Veritaserum.jpg,Jobberknoll feathers,,,,,https://harrypotter.fandom.com/wiki/Truth_serum
Twilight Moonbeams,twilight-moonbeams,Red in colour,,Causes the drinker to become infatuated with the giver of the potion,https://static.wikia.nocookie.net/harrypotter/images/b/b7/TwilightMoonbeams.jpg,Pearl Dust,Fred and George Weasley,,,,https://harrypotter.fandom.com/wiki/Twilight_Moonbeams
Venomous Tentacula juice,venomous-tentacula-juice,"Water clear, The insides of the one who drank it felt like they were 'burning', The skin colour of who drank it became purple",,,https://static.wikia.nocookie.net/harrypotter/images/c/c2/Venomous_Tentacular_Juice.jpg,,,,,,https://harrypotter.fandom.com/wiki/Venomous_Tentacula_juice
Veritaserum,veritaserum,Clear and odourless like water,Advanced,Forced drinker to speak the truth,https://static.wikia.nocookie.net/harrypotter/images/a/a0/Truth_sperum.gif,,,,,One lunar phase (about 28 days),https://harrypotter.fandom.com/wiki/Veritaserum
Vitamix Potion,vitamix-potion,Blue in colour,Beginner,Burst of energy,https://static.wikia.nocookie.net/harrypotter/images/2/2a/Vitamix_Potion.PNG,"Infusion of Wormwood, Powdered Root of Asphodel, Monkshood",,,Unfortunate but unknown,,https://harrypotter.fandom.com/wiki/Vitamix_Potion
Volubilis Potion,volubilis-potion,Yellow-coloured when finished,Beginner,Altered the drinker's voice,https://static.wikia.nocookie.net/harrypotter/images/e/e5/Volubilis_Potion.jpg,"Honeywater, Mint sprigs, Stewed Mandrake, Syrup of Hellebore",,,,,https://harrypotter.fandom.com/wiki/Volubilis_Potion
Weakness Potion,weakness-potion,Yellowish in colour,,Fumes cause weakness,https://static.wikia.nocookie.net/harrypotter/images/1/16/WeaknessPotion.jpg,,,,,,https://harrypotter.fandom.com/wiki/Weakness_Potion
Weedosoros,weedosoros,Deep purple in colour,Moderate,Highly poisonous,https://static.wikia.nocookie.net/harrypotter/images/6/6b/Weedosoros.jpg,,,,,,https://harrypotter.fandom.com/wiki/Weedosoros
Wideye Potion,wideye-potion,Blue/green in colour,Beginner to Moderate,"Awakened victim, Prevented sleeping",https://static.wikia.nocookie.net/harrypotter/images/9/9f/Wideye-or-awakening-potion.png,"6 snake fangs, 4 measures of Standard Ingredient, 6 dried Billywig stings, 2 sprigs of Wolfsbane",,,,,https://harrypotter.fandom.com/wiki/Wideye_Potion
Wiggenweld Potion,wiggenweld-potion,"Green, red pink or blue in colour",Beginner,"Healed injuries and replenished stamina, Antidote to sleeping potions",https://static.wikia.nocookie.net/harrypotter/images/6/64/Wiggenweld_Potion_HM.png,"Wiggentree bark, Moly, Dittany, Horklump juice, 2 drops of Flobberworm Mucus, 7 Chizpurfle fangs, Billywig sting slime, A sprig of mint, Boom Berry juice, One stewed Mandrake, Drops of Honeywater, Sloth brain Mucus, Moondew drops, Salamander blood, 10 Lionfish spines, Unicorn horn, Wolfsbane",,,,,https://harrypotter.fandom.com/wiki/Wiggenweld_Potion
Wit-Sharpening Potion,wit-sharpening-potion,"Green, white or purple in colour",Moderate to Ordinary Wizarding Level,Improved intellect,https://static.wikia.nocookie.net/harrypotter/images/2/21/Wit-Sharpening_Potion_HM_Icon.png,"Ground scarab beetles, Cut ginger roots, Armadillo bile, Newt spleens",,,,,https://harrypotter.fandom.com/wiki/Wit-Sharpening_Potion
Wolfsbane Potion,wolfsbane-potion,"Blue smoke, Unpleasant taste, Rendered useless with sugar",Advanced,Allowed werewolves to keep their minds post-transformation,https://static.wikia.nocookie.net/harrypotter/images/0/01/PA_C8.jpg,Wolfsbane,Damocles Belby,,Harmful side effects to health if potion tampered with,,https://harrypotter.fandom.com/wiki/Wolfsbane_Potion
Wound-Cleaning Potion,wound-cleaning-potion,"Purple liquid, Smoked on contact, Stung on contact",Advanced,"Antiseptic, cleaned wounds",https://static.wikia.nocookie.net/harrypotter/images/a/a0/WoundCleaningPotionHM.png,,,,,,https://harrypotter.fandom.com/wiki/Wound-Cleaning_Potion
