name,slug,category,creator,effect,hand,image,incantation,light,wiki
Age Line,age-line,Charm,,Prevents people above or below a certain age from access to a target,,https://static.wikia.nocookie.net/harrypotter/images/e/e5/Age_Line_surrounding_the_Goblet_of_Fire_PM.jpg,,Blue,https://harrypotter.fandom.com/wiki/Age_Line
Alarte Ascendare,alarte-ascendare,Charm,,Rockets target upward,Brandish wand,https://static.wikia.nocookie.net/harrypotter/images/c/c4/Alarte_Ascendare.gif,Alarte Ascendare(a-LAR-tay a-SEN-der-ay),Red,https://harrypotter.fandom.com/wiki/Alarte_Ascendare
Albus Dumbledore's forceful spell,albus-dumbledore-s-forceful-spell,Spell,,Great force,Flick wand,,,None,https://harrypotter.fandom.com/wiki/Albus_Dumbledore's_forceful_spell
Amplifying Charm,amplifying-charm,Charm,,Loudens target,Direct at target,https://static.wikia.nocookie.net/harrypotter/images/2/29/Sonorous_GOF_Dumbledore_1.jpg,Sonorus(soh-NOHR-us),None,https://harrypotter.fandom.com/wiki/Amplifying_Charm
Anapneo,anapneo,"Healing spell, Vanishment, Charm",,Cleared target's airway by vanishing blockages,Point wand at target,https://static.wikia.nocookie.net/harrypotter/images/2/2e/Celestina_Warbeck%27s_throat_unblocked_HM.png,Anapneo(ah-NAP-nee-oh),,https://harrypotter.fandom.com/wiki/Anapneo
Animagus Spell,animagus-spell,Transfiguration,,Used as part of the ritual to become an Animagus,Place wand tip over caster's heart,https://static.wikia.nocookie.net/harrypotter/images/2/2d/Animagus_Spell_HM.png,Amato Animo Animato Animagus(ah-MAH-toh ah-NEE-moh ah-nee-MAH-toh an-ah-MAY-jus),Golden,https://harrypotter.fandom.com/wiki/Animagus_Spell
Anteoculatia,anteoculatia,Dark charm,,Grew antlers on head,,https://static.wikia.nocookie.net/harrypotter/images/f/f7/Anteoculatia_HM.png,Anteoculatia(an-tee-oh-kyoo-LAY-chee-ah),Red or purple,https://harrypotter.fandom.com/wiki/Anteoculatia
Anti-Cheating Spell,anti-cheating-spell,Charm,,Prevents cheating,,https://static.wikia.nocookie.net/harrypotter/images/f/fa/Anti-CheatingSpell.png,,Purple,https://harrypotter.fandom.com/wiki/Anti-Cheating_Spell
Anti-Disapparition Jinx,anti-disapparition-jinx,Jinx,,Prevented Disapparition within a certain area,,,,,https://harrypotter.fandom.com/wiki/Anti-Disapparition_Jinx
Anti-intruder jinxes,anti-intruder-jinx,Jinx,,Repels intruders,,,,,https://harrypotter.fandom.com/wiki/Anti-intruder_jinx
Antonin Dolohov's curse,antonin-dolohov-s-curse,Curse,,Injuries capable of killing,Slashing movement,,,Purple fire,https://harrypotter.fandom.com/wiki/Antonin_Dolohov's_curse
Apparition/Disapparition,apparition,Magical transportation,,Instantly transports user,Turn on the spot,https://static.wikia.nocookie.net/harrypotter/images/b/be/Dumbledore_and_Harry_performing_Apparition.gif,None,None,https://harrypotter.fandom.com/wiki/Apparition
Aqua Eructo,aqua-eructo,Charm,,Jet of water,Point wand,https://static.wikia.nocookie.net/harrypotter/images/2/20/Aqua_Eructo.PNG,Aqua Eructo(A-kwa ee-RUCK-toh),Ice-blue,https://harrypotter.fandom.com/wiki/Aqua_Eructo
Arania Exumai,arania-exumai,Charm,,Repelled spiders,,https://static.wikia.nocookie.net/harrypotter/images/3/3e/Arania_Exumai_HM_Spell_Icon.png,Arania Exumai(ah-RAHN-ee-a EX-oo-may),Blue,https://harrypotter.fandom.com/wiki/Arania_Exumai
Arrow Shooting Spell,arrow-shooting-spell,Conjuration,,Conjures a shooting arrow from the caster's wand,,https://static.wikia.nocookie.net/harrypotter/images/8/82/ArrowShootingSpellHM.png,,None,https://harrypotter.fandom.com/wiki/Arrow_Shooting_Spell
Ascension Charm,ascendio,Charm,,Lifted caster in air,,https://static.wikia.nocookie.net/harrypotter/images/1/1b/NewtAscendio.gif,Ascendio(ah-SEN-dee-oh),None or blue,https://harrypotter.fandom.com/wiki/Ascendio
Avenseguim,avenseguim,Charm,,Turns object into tracking device,,https://static.wikia.nocookie.net/harrypotter/images/2/28/Avenseguim.gif,Avenseguim(ah-ven-SEH-gwim),Orange,https://harrypotter.fandom.com/wiki/Avenseguim
Avifors Spell,avifors-spell,"Transfiguration, Jinx",,Turns objects into birds,,https://static.wikia.nocookie.net/harrypotter/images/d/dd/Avifors_icon_HM.png,Avifors(AH-vi-fors),Blue,https://harrypotter.fandom.com/wiki/Avifors_Spell
Babbling Curse,babbling-curse,Curse,,Uncontrollable babbling,,https://static.wikia.nocookie.net/harrypotter/images/b/b7/Babbling_Curse.png,,Yellow,https://harrypotter.fandom.com/wiki/Babbling_Curse
Badgering,badgering,Transfiguration,,Turns target human into a badger,,https://static.wikia.nocookie.net/harrypotter/images/a/ae/Badgered_Boy.jpg,,,https://harrypotter.fandom.com/wiki/Badgering
Bandaging Charm,bandaging-charm,"Healing Spell, Charm, Conjuration",,Bandages target,,https://static.wikia.nocookie.net/harrypotter/images/c/cd/Ferula_HM_Spell_Icon.png,Ferula(fer-ROOL-lah),None,https://harrypotter.fandom.com/wiki/Bandaging_Charm
Banishing Charm,banishing-charm,Charm,,Sent target away,,https://static.wikia.nocookie.net/harrypotter/images/d/db/Depulso.jpg,Depulso(de-PUHL-so),"White, red or yellow",https://harrypotter.fandom.com/wiki/Banishing_Charm
Bat-Bogey Hex,bat-bogey-hex,Hex,Miranda Goshawk(mid-20th century),Transforms target's bogeys into bats that fly out of the victim's nose,,https://static.wikia.nocookie.net/harrypotter/images/c/cd/Bat-Bogey_Hex_HM.png,,,https://harrypotter.fandom.com/wiki/Bat-Bogey_Hex
Baubillious,baubillious,Charm,,Jet of white sparks,,https://static.wikia.nocookie.net/harrypotter/images/a/a6/Baubillious.jpg,Baubillious(baw-BILL-ee-us),White,https://harrypotter.fandom.com/wiki/Baubillious
Bedazzling Hex,bedazzling-hex,Hex,,Disguised things,,https://static.wikia.nocookie.net/harrypotter/images/d/de/Bedazzling_Hex_HM.png,,,https://harrypotter.fandom.com/wiki/Bedazzling_Hex
Bewitched Snowballs,bewitched-snowballs,Charm,,Bewitches snowballs to follow and harass a designated target,,https://static.wikia.nocookie.net/harrypotter/images/f/f5/BewitchedSnowballs.jpg,,None,https://harrypotter.fandom.com/wiki/Bewitched_Snowballs
Bird-Conjuring Charm,bird-conjuring-charm,"Charm, Conjuration",,Conjures birds,,https://static.wikia.nocookie.net/harrypotter/images/5/5c/Avis.jpg,Avis(AH-viss),Blue,https://harrypotter.fandom.com/wiki/Bird-Conjuring_Charm
Blasting Curse,blasting-curse,Curse,,Explosion,,https://static.wikia.nocookie.net/harrypotter/images/3/30/Blasting_Curse_DHF1.gif,Confringo(con-FRING-go),Fiery orange,https://harrypotter.fandom.com/wiki/Blasting_Curse
Blue Sparks,blue-sparks,Charm,,Jet of blue sparks,,https://static.wikia.nocookie.net/harrypotter/images/b/b2/Blue_Sparks_HM_Spell_Icon.png,,Blue,https://harrypotter.fandom.com/wiki/Blue_sparks
Bluebell Flames,bluebell-flames,Charm,,Conjures bluebell flames,Wave wand,https://static.wikia.nocookie.net/harrypotter/images/7/73/BluebellFlames.jpg,Unknown (At least two words),Bright blue,https://harrypotter.fandom.com/wiki/Bluebell_Flames
Boggart-Banishing Spell,boggart-banishing-spell,Charm,,Turned a Boggart into something amusing,,https://static.wikia.nocookie.net/harrypotter/images/d/d7/Snape_boggart.gif,Riddikulus(ri-di-KULL-lis),None,https://harrypotter.fandom.com/wiki/Boggart-Banishing_Spell
Bombarda Maxima,bombarda-maxima,Charm,,Powerful explosion,Point wand,https://static.wikia.nocookie.net/harrypotter/images/d/d7/Bombarda_Maxima_HM.png,Bombarda Maxima(bom-BAR-da MAKS-ee-ma),White or yellow,https://harrypotter.fandom.com/wiki/Bombarda_Maxima
Bombardment Spell,bombardment-spell,Charm,,Small explosion,,https://static.wikia.nocookie.net/harrypotter/images/c/ca/Bombarda_HM_Spell_Icon.png,Bombarda(bom-BAR-da),None,https://harrypotter.fandom.com/wiki/Bombardment_Spell
Bouquet Spell,bouquet-spell,Conjuration,,Conjured flowers,,https://static.wikia.nocookie.net/harrypotter/images/9/9a/Orchideous_HM_Spell_Icon.png,Orchideous(or-KID-ee-us),Pink,https://harrypotter.fandom.com/wiki/Bouquet_Spell
Box Blasting Charm,box-blasting-charm,Charm,,Opens chests,,https://static.wikia.nocookie.net/harrypotter/images/e/ef/Cistem_Aperio_HM_Spell_Icon.png,Cistem Aperio (SEES-tem a-PAIR-ee-oh),White,https://harrypotter.fandom.com/wiki/Box_Blasting_Charm
Brackium Emendo,brackium-emendo,"Healing spell, Charm",,Removes bones,Point wand,https://static.wikia.nocookie.net/harrypotter/images/c/c0/Brackium_Emendo.gif,Brackium Emendo(BRAH-kee-um eh-MEN-doh),Blue,https://harrypotter.fandom.com/wiki/Brackium_Emendo
Bravery Charm,bravery-charm,Charm,,Enhances teammates against foes,,https://static.wikia.nocookie.net/harrypotter/images/8/83/Bravery_Charm_WU.png,,,https://harrypotter.fandom.com/wiki/Bravery_Charm
Bridge-conjuring spell,bridge-conjuring-spell,Conjuration,,Conjures bridges,Wave wand,https://static.wikia.nocookie.net/harrypotter/images/8/87/Bridge_conjuring.gif,,None,https://harrypotter.fandom.com/wiki/Bridge-conjuring_spell
Broom jinx,broom-jinx,Jinx,,Makes a broomstick attempt to buck its rider off,,https://static.wikia.nocookie.net/harrypotter/images/3/38/Broom_jinx.gif,,,https://harrypotter.fandom.com/wiki/Broom_jinx
Bubble-Head Charm,bubble-head-charm,Charm,,Creates bubble protecting the head,,https://static.wikia.nocookie.net/harrypotter/images/9/99/Cedric_Diggory_using_Bubble-Head_Charm_for_the_Tri-wizard_Tournament_2nd_Task_%28Concept_Artwork%29.jpg,,None,https://harrypotter.fandom.com/wiki/Bubble-Head_Charm
Bubble Spell,bubble-spell,Conjuration,,Created a stream of non-bursting bubbles,,https://static.wikia.nocookie.net/harrypotter/images/d/d8/Bubble_Spell_HM.png,,None,https://harrypotter.fandom.com/wiki/Bubble_Spell
Cantis,cantis,Charm,,Makes target sing,,https://static.wikia.nocookie.net/harrypotter/images/2/2a/Cantis_HM.png,Cantis(CAN-tis),Pink,https://harrypotter.fandom.com/wiki/Cantis
Cascading Jinx,cascading-jinx,Jinx,,Attacks multiple enemies,,https://static.wikia.nocookie.net/harrypotter/images/d/d3/CascadingJinx.png,,Blue,https://harrypotter.fandom.com/wiki/Cascading_Jinx
Caterwauling Charm,caterwauling-charm,Charm,,Sets off a high-pitched shriek if entered,,,,,https://harrypotter.fandom.com/wiki/Caterwauling_Charm
Cauldron to Sieve,cauldron-to-sieve,Transfiguration,,Turns a cauldron into a sieve,,https://static.wikia.nocookie.net/harrypotter/images/6/6a/Cauldron_to_Sieve.jpg,,,https://harrypotter.fandom.com/wiki/Cauldron_to_Sieve
Cauldron to badger,cauldron-to-badger-spell,Transformation,,Transforms a cauldron into a badger,,,,,https://harrypotter.fandom.com/wiki/Cauldron_to_badger_spell
Cave inimicum,cave-inimicum,Charm,,Concealment,,https://static.wikia.nocookie.net/harrypotter/images/c/cf/Cave_Inimicum_HM.png,Cave inimicum(CAH-vay uh-NIM-i-kuhm),None (haze),https://harrypotter.fandom.com/wiki/Cave_inimicum
Cheering Charm,cheering-charm,Charm,Felix Summerbee (1447-1508),Created joy and contentment,,https://static.wikia.nocookie.net/harrypotter/images/5/56/Cheering_Charm_HM_Spell_Icon.png,,None,https://harrypotter.fandom.com/wiki/Cheering_Charm
Circumrota,circumrota,Charm,,Rotates an object,,https://static.wikia.nocookie.net/harrypotter/images/a/aa/Circumrota.gif,Circumrota(SIR-cum-roh-tuh),,https://harrypotter.fandom.com/wiki/Circumrota
Colour Change Charm,colour-change-charm,Charm,,Changes colour of target,,https://static.wikia.nocookie.net/harrypotter/images/3/37/Colovaria_HM_Spell_Icon.png,Colovaria(co-loh-VA-ree-ah),None,https://harrypotter.fandom.com/wiki/Colour_Change_Charm
Combat Bolt,combat-bolt,Spell,,Offensive spell; injured the target,,,,Blue,https://harrypotter.fandom.com/wiki/Combat_Bolt
Confundus Charm,confundus-charm,Charm,,Confuses the target,,https://static.wikia.nocookie.net/harrypotter/images/f/f1/NewtConfundus.gif,Confundo(con-FUN-doe),Pink,https://harrypotter.fandom.com/wiki/Confundus_Charm
Conjunctivitis Curse,conjunctivitis-curse,Curse,,Irritated eyes,,https://static.wikia.nocookie.net/harrypotter/images/7/78/Conjunctivitis_Curse.gif,,None or purple,https://harrypotter.fandom.com/wiki/Conjunctivitis_Curse
Cornflake Skin Jinx,cornflake-skin-spell,Jinx,,Made skin appear like cornflakes,,https://static.wikia.nocookie.net/harrypotter/images/7/72/Cornflake_Skin_Jinx_icon_HM.png,,Yellow,https://harrypotter.fandom.com/wiki/Cornflake_skin_spell
Cracker Jinx,cracker-jinx,"Jinx, Conjuration",,Conjures exploding Wizard Crackers,,,,,https://harrypotter.fandom.com/wiki/Cracker_Jinx
Cribbing Spell,cribbing-spell,Charm,,Assists the caster in cheating on written papers,,,,,https://harrypotter.fandom.com/wiki/Cribbing_Spell
Crinus Muto,crinus-muto,Transfiguration,,Transforms hair,,https://static.wikia.nocookie.net/harrypotter/images/9/92/Crinus_Muto.png,Crinus Muto(CREE-nus MYOO-toh),White,https://harrypotter.fandom.com/wiki/Crinus_Muto
Cruciatus Curse,cruciatus-curse,Curse,,"Excruciating pain, insanity if victim was subjected for too long",,https://static.wikia.nocookie.net/harrypotter/images/9/9c/Voldemort_crucio_harry.gif,Crucio (KROO-see-oh),None,https://harrypotter.fandom.com/wiki/Cruciatus_Curse
Curse of the Bogies,curse-of-the-bogies,Curse,,Nasty cold and an extremely runny nose,,https://static.wikia.nocookie.net/harrypotter/images/a/a0/CurseOfTheBogiesHM.png,Mucus ad Nauseam(MYOO-kus ahd NAW-zee-um),Green,https://harrypotter.fandom.com/wiki/Curse_of_the_Bogies
Cushioning Charm,cushioning-charm,Charm,Elliot Smethwyck (1820),Places a cushioning effect on an object,,https://static.wikia.nocookie.net/harrypotter/images/a/a3/Effects_of_Cushioning_Charm.jpg,Molliare(mul-lee-AR-ray),,https://harrypotter.fandom.com/wiki/Cushioning_Charm
Dancing Feet Spell,dancing-feet-spell,Charm,,Sends legs out of control,,https://static.wikia.nocookie.net/harrypotter/images/e/e6/Tarantallegra.gif,Tarantallegra(ta-RON-ta-LEG-gra),Red or Purple,https://harrypotter.fandom.com/wiki/Dancing_Feet_Spell
Dangling Jinx,dangling-jinx,Jinx,Severus Snape,Suspends people by the ankles in the air,,https://static.wikia.nocookie.net/harrypotter/images/4/43/Levicorpus1.gif,Levicorpus(leh-vee-COR-pus),Green,https://harrypotter.fandom.com/wiki/Dangling_Jinx
Densaugeo,densaugeo,Hex,,Elongates teeth,,https://static.wikia.nocookie.net/harrypotter/images/4/40/Densaugeo_Pottermore.png,Densaugeo(den-SAU-jee-oh),Violet,https://harrypotter.fandom.com/wiki/Densaugeo
Deprimo Spell,deprimo,Charm,,Blasts holes in ground,,https://static.wikia.nocookie.net/harrypotter/images/b/be/DeprimoHM.png,Deprimo(deh-PREEM-oh),Green or none,https://harrypotter.fandom.com/wiki/Deprimo
Descendo,descendo,Charm,,Lowers target,,https://static.wikia.nocookie.net/harrypotter/images/d/d3/DescendoHM.png,Descendo(deh-SEHN-doh),Blue,https://harrypotter.fandom.com/wiki/Descendo
Desk Into Pig,desk-into-pig,Transfiguration,,Transfigures desks into pigs,,https://static.wikia.nocookie.net/harrypotter/images/5/5b/DeskIntoPig.jpg,,,https://harrypotter.fandom.com/wiki/Desk_Into_Pig
Deterioration Hex,deterioration-hex,Hex,,Impairs foes,,https://static.wikia.nocookie.net/harrypotter/images/7/70/Deterioration_Hex.png,,,https://harrypotter.fandom.com/wiki/Deterioration_Hex
Diminuendo,diminuendo,Charm,,Shrunk objects and humans,,https://static.wikia.nocookie.net/harrypotter/images/8/8c/Diminuendo_1.gif,Diminuendo(dim-IN-you-end-oh),White or yellow,https://harrypotter.fandom.com/wiki/Diminuendo
Disarming Charm,disarming-charm,Charm,Elizabeth Smudgling or Merlin (possibly),Disarms an opponent,,https://static.wikia.nocookie.net/harrypotter/images/9/96/Snape_disarming_Lockhart_COS.gif,Expelliarmus(ex-PEL-lee-ar-muss),Scarlet,https://harrypotter.fandom.com/wiki/Disarming_Charm
Disillusionment Charm,disillusionment-charm,Charm,,Disguised target as surroundings,,https://static.wikia.nocookie.net/harrypotter/images/b/b7/DisillusionmentCharmHM.png,,White,https://harrypotter.fandom.com/wiki/Disillusionment_Charm
Disintegration spell,disintegration-spell,Dark charm,,Blew up and disintegrated the target,Point wand at target,https://static.wikia.nocookie.net/harrypotter/images/d/de/Bellatrix_death.gif,,Red,https://harrypotter.fandom.com/wiki/Disintegration_spell
Doubling Charm,doubling-charm,"Charm, Curse",Helixa and Syna Hyslop,Duplicated an object,Flick wand at target,https://static.wikia.nocookie.net/harrypotter/images/5/5f/Gemino_Curse.gif,Geminio(juh-MIN-ee-oh),None,https://harrypotter.fandom.com/wiki/Doubling_Charm
Draconifors Spell,draconifors-spell,Transfiguration,,Turns object into dragon,Slash wand at target,https://static.wikia.nocookie.net/harrypotter/images/3/35/DraconiforsPAS.png,Draconifors(drah-KON-i-fors),Fiery orange,https://harrypotter.fandom.com/wiki/Draconifors_Spell
Drought Charm,drought-charm,Charm,,Dried up small bodies of water,,https://static.wikia.nocookie.net/harrypotter/images/f/fd/DroughtCharmHM.png,,None,https://harrypotter.fandom.com/wiki/Drought_Charm
Ducklifors,ducklifors,"Transfiguration, Jinx",,Turned organisms into ducks,Downward slash,https://static.wikia.nocookie.net/harrypotter/images/8/8d/Ducklifors.png,Ducklifors,Yellow or purple,https://harrypotter.fandom.com/wiki/Ducklifors
Dumbledore's Army parchment jinx,dumbledore-s-army-parchment-jinx,Jinx,,Caused boils to spell 'SNEAK' on the face of a traitor,,,,,https://harrypotter.fandom.com/wiki/Dumbledore's_Army_parchment_jinx
Ear-Shrivelling Curse,ear-shrivelling-curse,Curse,,Caused ears to shrivel up,,https://static.wikia.nocookie.net/harrypotter/images/d/db/EarShrivellingCurseHM.png,,None,https://harrypotter.fandom.com/wiki/Ear-shrivelling_Curse
Ears to kumquats,ears-to-kumquats-spell,Transfiguration,,Transforms target's ears into kumquats,,https://static.wikia.nocookie.net/harrypotter/images/0/0f/Ears_To_Kumquats_spell.png,,,https://harrypotter.fandom.com/wiki/Ears_to_kumquats_spell
Ebublio Jinx,ebublio-jinx,Jinx,,Traps target in giant bubble,,https://static.wikia.nocookie.net/harrypotter/images/4/4f/EbublioJinxHM.png,Ebublio(ee-BUB-leo),Blue,https://harrypotter.fandom.com/wiki/Ebublio_Jinx
Engorgement Charm,engorgement-charm,Charm,,Caused swelling,,https://static.wikia.nocookie.net/harrypotter/images/6/62/Harry_casting_Engorgio.gif,Engorgio (en-GOR-gee-oh),Icy blue,https://harrypotter.fandom.com/wiki/Engorgement_Charm
Engorgio Skullus,engorgio-skullus,Dark charm,,Swells head,Point wand,https://static.wikia.nocookie.net/harrypotter/images/0/01/Engorgio_skullus.jpg,Engorgio Skullus(in-GORE-jee-oh SKULL-us),Red or Purple,https://harrypotter.fandom.com/wiki/Engorgio_Skullus
Entrail-Expelling Curse,entrail-expelling-curse,"Curse, Healing spell",Urquhart Rackharrow (1600s),Expels entrails (presumably),,,,,https://harrypotter.fandom.com/wiki/Entrail-Expelling_Curse
Episkey,episkey,"Healing spell, Charm",,Heals minor injuries,,https://static.wikia.nocookie.net/harrypotter/images/b/b8/Episkey_HM_Spell_Icon.png,Episkey(eh-PIS-kee),None,https://harrypotter.fandom.com/wiki/Episkey
Epoximise,epoximise,Transfiguration,,Bonded two objects together,,https://static.wikia.nocookie.net/harrypotter/images/7/7a/Epoximise.jpg,Epoximise(ee-POX-i-mise),,https://harrypotter.fandom.com/wiki/Epoximise
Eradication Spell,eradication-spell,"Charm, Counter-charm",,Disintegrated objects and images,,https://static.wikia.nocookie.net/harrypotter/images/4/4e/Deletrius_HM_Spell_Icon.png,Deletrius(de-LEE-tree-us),None,https://harrypotter.fandom.com/wiki/Eradication_Spell
Erecto,erecto,Charm,,Erects a structure,Point wand at target,https://static.wikia.nocookie.net/harrypotter/images/2/2c/Ereto1.gif,Erecto(uh-REK-toh),None,https://harrypotter.fandom.com/wiki/Erecto
Evanesce,evanesce,Transfiguration,,Vanishes objects,Point wand at target,https://static.wikia.nocookie.net/harrypotter/images/d/d6/Evanesce1.jpg,Evanesce,Bluish-white,https://harrypotter.fandom.com/wiki/Evanesce
Everte Statum,everte-statum,Charm,,"Makes opponent stumble, Causes sharp pain",Point wand at victim,https://static.wikia.nocookie.net/harrypotter/images/7/7f/Everte_Statum.gif,Everte Statum(ee-VER-tay STAH-tum),Orange,https://harrypotter.fandom.com/wiki/Everte_Statum
Expulso Curse,expulso-curse,Curse,,Caused powerful explosions,Point wand,https://static.wikia.nocookie.net/harrypotter/images/a/aa/Expulso.JPG,Expulso(ecks-SPUHL-soh),Blue,https://harrypotter.fandom.com/wiki/Expulso_Curse
Extension Charm,extension-charm,Charm,,Increases interior space of object,,https://static.wikia.nocookie.net/harrypotter/images/7/75/Extension_charm.gif,Capacious extremis(ca-PAY-shusex-TREEM-us),,https://harrypotter.fandom.com/wiki/Extension_Charm
Extinguishing Spell,extinguishing-spell,Charm,,Extinguished fires,,https://static.wikia.nocookie.net/harrypotter/images/3/3e/Extinguishing_Charm_HM_Icon.png,,None,https://harrypotter.fandom.com/wiki/Extinguishing_Spell
False memory spell,false-memory-spell,Spell,Mnemone Radford c. 1900s (possibly),Implanted a false memory in the victim's mind,,,,,https://harrypotter.fandom.com/wiki/False_memory_spell
Feather-light charm,feather-light-charm,Charm,Cressida Blume,Minimises object's weight,,,,,https://harrypotter.fandom.com/wiki/Feather-light_charm
Ferret to human spell,ferret-to-human-spell,Transfiguration,,Changes ferrets into humans,Point wand at target,https://static.wikia.nocookie.net/harrypotter/images/3/3b/Ferret_to_human_GIF.gif,,None,https://harrypotter.fandom.com/wiki/Ferret_to_human_spell
Fianto Duri,fianto-duri,Charm,,Strengthens magical protections,Point skyward,https://static.wikia.nocookie.net/harrypotter/images/9/95/DH2_Protego_Maxima%2C_Fianto_Duri%2C_Repello_Inimicum.gif,Fianto Duri(fee-AHN-toe DYOU-ree),Blueish white,https://harrypotter.fandom.com/wiki/Fianto_Duri
Fidelius Charm,fidelius-charm,Charm,,Conceals a secret,,,,,https://harrypotter.fandom.com/wiki/Fidelius_Charm
Fiendfyre,fiendfyre,Curse,,Unleashed cursed fire,,https://static.wikia.nocookie.net/harrypotter/images/1/18/Harry_and_Draco.png,Pestis Incendium (PESS-tis in-SEN-dee-um),Fire,https://harrypotter.fandom.com/wiki/Fiendfyre
Finestra spell,finestra-spell,Charm,,Shattered glass,Flick wand,https://static.wikia.nocookie.net/harrypotter/images/d/d1/Finestra.gif,Finestra(fi-NESS-tra),Blue,https://harrypotter.fandom.com/wiki/Finestra_spell
Finger-removing jinx,finger-removing-jinx,Jinx,,Removes a person's fingers,,,,,https://harrypotter.fandom.com/wiki/Finger-removing_jinx
Fire-Making Spell,fire-making-spell,Charm,,Conjured flames,,https://static.wikia.nocookie.net/harrypotter/images/6/6a/IncendioHM.png,Incendio(in-SEN-dee-o),Orange/red,https://harrypotter.fandom.com/wiki/Fire-Making_Spell
Firestorm,firestorm,Charm,,Ring of fire,Overhead circles,https://static.wikia.nocookie.net/harrypotter/images/5/52/Firestorm.gif,,Crimson and gold,https://harrypotter.fandom.com/wiki/Firestorm
Flagrante Curse,flagrante-curse,Curse,,Causes objects to burn on contact,,https://static.wikia.nocookie.net/harrypotter/images/a/a4/Flagrante_Curse_HM_Spell_Icon.png,Flagrante(flah-GRAHN-tay),,https://harrypotter.fandom.com/wiki/Flagrante_Curse
Flagrate,flagrate,Charm,,Writes in midair,Draw in midair,https://static.wikia.nocookie.net/harrypotter/images/9/9e/I_am_Lord_Voldemort.gif,Flagrate(fla-GRAH-tay),Fiery scarlet,https://harrypotter.fandom.com/wiki/Flagrate
Flame-Freezing Charm,flame-freezing-charm,Charm,,Makes fire harmless,Wave wand above head,https://static.wikia.nocookie.net/harrypotter/images/b/bd/FlameFreeze.png,,White,https://harrypotter.fandom.com/wiki/Flame-Freezing_Charm
Flask-conjuring spell,flask-conjuring-spell,Conjuration,,Conjures flask,,,,None,https://harrypotter.fandom.com/wiki/Flask-conjuring_spell
Flintifors,flintifors,Transfiguration,,Turns target into matchboxes,Hold wand to the left,https://static.wikia.nocookie.net/harrypotter/images/5/56/Harry-Potter-Sorcerer-PC-Flintifors-Splash3.png,Flintifors(FLINT-i-fors),,https://harrypotter.fandom.com/wiki/Flintifors
Flipendo Maxima,flipendo-maxima,Jinx,Badeea Ali and Ben Copper,Knocks the target back with greater force than the Knockback Jinx,,https://static.wikia.nocookie.net/harrypotter/images/4/48/Flipendo_Maxima_HM_Spell_Icon.png,Flipendo Maxima,White,https://harrypotter.fandom.com/wiki/Flipendo_Maxima
Flipendo Tria,flipendo-tria,Jinx,,More powerful version of Flipendo,Downwards slash,https://static.wikia.nocookie.net/harrypotter/images/9/9c/Flipendo_Tria.png,Flipendo Tria,Blue,https://harrypotter.fandom.com/wiki/Flipendo_Tria
Flying charm,flying-charm,Charm,,Allows an object to fly,,,,,https://harrypotter.fandom.com/wiki/Flying_charm
Fogging Spell,fogging-spell,Charm,,Conjured fog,,https://static.wikia.nocookie.net/harrypotter/images/e/e8/Nebulus.gif,Nebulus(NEB-yoo-lus),Grey,https://harrypotter.fandom.com/wiki/Fogging_Spell
Four-Point Spell,four-point-spell,Charm,,Wand points due north,Hold wand flat in hand,https://static.wikia.nocookie.net/harrypotter/images/a/a8/FourPointSpell.jpg,Point Me,None,https://harrypotter.fandom.com/wiki/Four-Point_Spell
Fracto Strata,fracto-strata,Spell,,Destroy weak objects,Point wand,https://static.wikia.nocookie.net/harrypotter/images/c/c4/Fracto_Strata_LEGOY1.png,Fracto Strata,Orange,https://harrypotter.fandom.com/wiki/Fracto_Strata
Freezing Charm,freezing-charm,Charm,,Stops movement and actions of the target,,https://static.wikia.nocookie.net/harrypotter/images/c/c1/Immobulus.gif,Immobulus(ih-MOH-byoo-luhs),Blue,https://harrypotter.fandom.com/wiki/Freezing_Charm
Freezing Spell,freezing-spell,Charm,,Freezes target,,https://static.wikia.nocookie.net/harrypotter/images/b/b8/Glacius.jpg,Glacius(GLAY-see-us),Blue,https://harrypotter.fandom.com/wiki/Freezing_Spell
Full Body-Bind Curse,full-body-bind-curse,Curse,,Temporary paralysis,,https://static.wikia.nocookie.net/harrypotter/images/6/6e/HermionePetrificusTotalus.gif,Petrificus Totalus (pe-TRI-fi-cus to-TAH-lus),"White, purple, yellow or none",https://harrypotter.fandom.com/wiki/Full_Body-Bind_Curse
Fumos Duo,fumos-duo,Charm,,Multiple concealing smokescreens,Upwards swish then downward flick,,Fumos Duo(FYOO-mos DYOO-oh),Dark red,https://harrypotter.fandom.com/wiki/Fumos_Duo
Fur spell,fur-spell,Charm,,Causes fur to grow on someone,,,,,https://harrypotter.fandom.com/wiki/Fur_spell
General Counter-Spell,general-counter-spell,Counter-spell,,Terminates all spell effects,,https://static.wikia.nocookie.net/harrypotter/images/e/e7/Finite_Incantatem0.gif,"Finite(fi-NEE-tay), Finite Incantatem'(fi-NEE-tay in-can-TAH-tem)",Red,https://harrypotter.fandom.com/wiki/General_Counter-Spell
Glacius Duo,glacius-duo,Charm,,Freezes the target,Forwards slash,https://static.wikia.nocookie.net/harrypotter/images/2/25/Glacius_Duo.png,Glacius Duo(GLAY-see-us DOO-oh),Blue,https://harrypotter.fandom.com/wiki/Glacius_Duo
Glacius Tria,glacius-tria,Charm,,Freezes target enemy,,,Glacius Tria(GLAY-see-us TREE-ah),Blue,https://harrypotter.fandom.com/wiki/Glacius_Tria
Sliding Spell,glisseo,Charm,,Turned stairs into a slide,,,Glisseo(glis-EH-oh),None,https://harrypotter.fandom.com/wiki/Glisseo
Gouging Spell,gouging-spell,Charm,,Carved through material,,https://static.wikia.nocookie.net/harrypotter/images/1/11/Gouging_Spell_HM.png,Defodio(deh-FOH-dee-oh),,https://harrypotter.fandom.com/wiki/Gouging_Spell
Green Sparks,green-sparks,Charm,,Jet of green sparks,,,,Green,https://harrypotter.fandom.com/wiki/Green_Sparks
Greenhouse Charm,greenhouse-charm,Charm,,Helped grow plant-based potion ingredients,,https://static.wikia.nocookie.net/harrypotter/images/e/e8/Greenhouse_Charm_WU_icon.PNG,Celescere,,https://harrypotter.fandom.com/wiki/Greenhouse_Charm
Gripping Charm,gripping-charm,Charm,Unknown (1875),Made holding objects easier,,https://static.wikia.nocookie.net/harrypotter/images/2/24/Gripping_Charm_HM.png,,None,https://harrypotter.fandom.com/wiki/Gripping_Charm
Gytrash-conjuring spell,gytrash-conjuring-spell,"Conjuration, Dark Arts",,Conjures Gytrashes,Overhead wave,https://static.wikia.nocookie.net/harrypotter/images/a/ab/GytrashConjuring.png,Unknown,Green,https://harrypotter.fandom.com/wiki/Gytrash-conjuring_spell
Hair-Thickening Charm,hair-thickening-charm,Charm,,Caused hair to grow longer and thicker,,https://static.wikia.nocookie.net/harrypotter/images/e/e6/Hair_Thickening_Charm_HM.png,,None,https://harrypotter.fandom.com/wiki/Hair-thickening_Charm
Hair Loss Curse,hair-loss-curse,Curse,,Removes victim's hair,,https://static.wikia.nocookie.net/harrypotter/images/c/c7/Calvorio_-_Lego.jpg,Calvorio(cal-VOR-ee-oh),Red or Purple,https://harrypotter.fandom.com/wiki/Hair_Loss_Curse
Hardening Charm,hardening-charm,"Charm, Transfiguration",,Turns objects to stone,,https://static.wikia.nocookie.net/harrypotter/images/f/f9/HM_y3_Duro.png,Duro(DYOO-roh),None,https://harrypotter.fandom.com/wiki/Hardening_Charm
Harmonia Nectere Passus,harmonia-nectere-passus,Charm,,Repairing Vanishing Cabinets,Point wand at target,https://static.wikia.nocookie.net/harrypotter/images/3/3c/Harmonia_Nectere_Passus.JPG,Harmonia Nectere Passus(har-MOH-nee-ah nec-TEH-ray PAS-sus),None,https://harrypotter.fandom.com/wiki/Harmonia_Nectere_Passus
Head Shrink Spell,head-shrink-spell,"Dark charm, Counter-curse",,Shrinks head,,https://static.wikia.nocookie.net/harrypotter/images/b/b5/Redactum_Skullus.jpg,Redactum Skullus(reh-DAK-tum SKULL-us),Red or Purple,https://harrypotter.fandom.com/wiki/Head_Shrink_Spell
Herbifors,herbifors,Transfiguration,,Transformed target into flowers,Point wand at target,https://static.wikia.nocookie.net/harrypotter/images/e/ea/Herbifors.jpg,Herbifors(HERB-i-fors),Red or purple,https://harrypotter.fandom.com/wiki/Herbifors
Herbivicus Charm,herbivicus-charm,Charm,,Rapidly grew plants,,https://static.wikia.nocookie.net/harrypotter/images/d/d5/HerbivicusCharmHM.png,Herbivicus(her-BIV-i-cuss),Green or none,https://harrypotter.fandom.com/wiki/Herbivicus_Charm
Homing spell,homing-spell,Dark charm,,Offensive spells that caused damage; would follow their target,,https://static.wikia.nocookie.net/harrypotter/images/9/9b/Homing_Spell_PSG_PC.png,,Orange or green,https://harrypotter.fandom.com/wiki/Homing_spell
Homonculous Charm,homonculous-charm,Charm,,"When cast onto a map, it enabled tracking the movements of every person in the mapped area",,https://static.wikia.nocookie.net/harrypotter/images/c/c1/Dumbledore_on_the_Marauder%27s_Map.gif,,,https://harrypotter.fandom.com/wiki/Homonculous_Charm
Homorphus Charm,homorphus-charm,Charm,,"May temporarily change a transformed werewolf back into their human form (according to Gilderoy Lockhart, it cures lycanthropy)",,https://static.wikia.nocookie.net/harrypotter/images/4/48/Homorphus_Charm.gif,,Yellow,https://harrypotter.fandom.com/wiki/Homorphus_Charm
Horcrux-making spell,horcrux-making-spell,Dark Arts,Herpo the Foul (possibly),Prepared a receptacle to become a Horcrux,,https://static.wikia.nocookie.net/harrypotter/images/c/c8/Horcrux_creation.gif,,,https://harrypotter.fandom.com/wiki/Horcrux-making_spell
Horn tongue hex,horn-tongue-hex,Hex,,Transforms target's tongue into a horn,,,,,https://harrypotter.fandom.com/wiki/Horn_tongue_hex
Horton-Keitch Braking Charm,horton-keitch-braking-charm,Charm,Basil Horton and Randolph Keitch (c. 1929),Allow broomsticks to brake more easily,,,,,https://harrypotter.fandom.com/wiki/Horton-Keitch_Braking_Charm
Hot Air Charm,hot-air-charm,Charm,,Jet of hot air,,https://static.wikia.nocookie.net/harrypotter/images/7/7e/Hot_Air_Charm_COG.gif,,None,https://harrypotter.fandom.com/wiki/Hot_Air_Charm
Hour-Reversal Charm,hour-reversal-charm,Charm,,Reverses time,,https://static.wikia.nocookie.net/harrypotter/images/2/2b/HourReversalCharm.png,,Blue,https://harrypotter.fandom.com/wiki/Hour-Reversal_Charm
Hover Charm,hover-charm,Charm,,Makes objects hover,,https://static.wikia.nocookie.net/harrypotter/images/5/57/Hovercharm.gif,,Pink,https://harrypotter.fandom.com/wiki/Hover_Charm
Human-presence-revealing Spell,human-presence-revealing-spell,Charm,,Revealed human presence,,https://static.wikia.nocookie.net/harrypotter/images/1/1d/Homenum_reveilo.gif,Homenum Revelio(hoh-MUN-num reh-VEH-lee-oh),None,https://harrypotter.fandom.com/wiki/Human-presence-revealing_spell
Hurling Hex,hurling-hex,Hex,,Causes a broomstick to attempt to hurl its rider off,Point wand,https://static.wikia.nocookie.net/harrypotter/images/3/31/Hurling_Hex.gif,,None,https://harrypotter.fandom.com/wiki/Hurling_Hex
Illegibilus,illegibilus,Charm,,Makes text illegible,,https://static.wikia.nocookie.net/harrypotter/images/e/e8/Illegibilus.jpg,Illegibilus(i-LEDJ-i-bull-is),,https://harrypotter.fandom.com/wiki/Illegibilus
Impediment Jinx,impediment-jinx,"Jinx, Hex",,Hinders movement of target,,https://static.wikia.nocookie.net/harrypotter/images/f/f1/Impedimenta_Jinx.jpg,Impedimenta(im-PED-i-MEN-ta),Turquoise,https://harrypotter.fandom.com/wiki/Impediment_Jinx
Imperius Curse,imperius-curse,Curse,,Total control,Point wand at victim,https://static.wikia.nocookie.net/harrypotter/images/8/8c/Imperio1.gif,Imperio(im-PEER-ee-oh),None,https://harrypotter.fandom.com/wiki/Imperius_Curse
Imperturbable Charm,imperturbable-charm,Charm,,Invisible barrier,,https://static.wikia.nocookie.net/harrypotter/images/c/c3/Imperturbable_Charm_HM.png,,None,https://harrypotter.fandom.com/wiki/Imperturbable_Charm
Impervius Charm,impervius-charm,Charm,,Waterproofed an object,,https://static.wikia.nocookie.net/harrypotter/images/d/d8/Impervius_HM.png,Impervius(im-PUR-vee-us),None,https://harrypotter.fandom.com/wiki/Impervius_Charm
Inanimatus Conjurus Spell,inanimatus-conjurus-spell,Conjuration,,Alters the design of a room,,,Inanimatus Conjurus,,https://harrypotter.fandom.com/wiki/Inanimatus_Conjurus_Spell
Incarcerous Spell,incarcerous-spell,Conjuration,,Bound target in ropes,,https://static.wikia.nocookie.net/harrypotter/images/0/05/Incarcerous.gif,Incarcerous(in-KAR-ser-us),None,https://harrypotter.fandom.com/wiki/Incarcerous_Spell
Incendio Duo Spell,incendio-duo-spell,"Charm, Conjuration",,Conjured flames,Point wand at target,https://static.wikia.nocookie.net/harrypotter/images/5/5f/Incendio_Duo.jpg,Incendio(in-SEN-dee-oh),Green,https://harrypotter.fandom.com/wiki/Incendio_Duo_Spell
Incendio Tria,incendio-tria,Charm,,Conjured blue flames,Downward slash,https://static.wikia.nocookie.net/harrypotter/images/8/89/IncendioTria.png,Incendio Tria(in-SEN-dee-oh TREE-ah),Blue,https://harrypotter.fandom.com/wiki/Incendio_Tria
Inflating Charm,inflatus,Charm/Jinx,,Inflated target,,https://static.wikia.nocookie.net/harrypotter/images/e/e2/The_Inflating_Charm_HM.png,Inflatus(in-FLAY-tus),Purple,https://harrypotter.fandom.com/wiki/Inflatus
Informous Spell,informous-spell,Charm,,Adds to the Folio Bruti,Point wand,https://static.wikia.nocookie.net/harrypotter/images/2/23/Informous.gif,Informous,Blue,https://harrypotter.fandom.com/wiki/Informous_Spell
Inn Charm,inn-charm,Charm,,Improved the quality of food,,https://static.wikia.nocookie.net/harrypotter/images/4/41/Inn_Charm_WU_icon.PNG,Tribuomnus,,https://harrypotter.fandom.com/wiki/Inn_Charm
Insect Hex,insect-hex,"Transfiguration, Jinx, Hex",,Gives target insectoid qualities for a short period of time,,https://static.wikia.nocookie.net/harrypotter/images/7/70/Insect_Hex_HM.png,Entomorphis(en-toh-MOR-fis),"Red, purple or none",https://harrypotter.fandom.com/wiki/Insect_Hex
Instant scalping hex,instant-scalping-hex,Hex,,Instantly scalps hair,,,,,https://harrypotter.fandom.com/wiki/Instant_scalping_hex
Intruder Charm,intruder-charm,Charm,,Detects intruders and sounds an alarm,,,,,https://harrypotter.fandom.com/wiki/Intruder_Charm
Jelly-Brain Jinx,jelly-brain-jinx,Jinx,,Dulls mental abilities,,,,,https://harrypotter.fandom.com/wiki/Jelly-Brain_Jinx
Jelly-Fingers Curse,jelly-fingers-curse,Curse,,Fingers become wobbly,,,,,https://harrypotter.fandom.com/wiki/Jelly-Fingers_Curse
Jelly-Legs Curse,jelly-legs-curse,"Curse, Jinx",,Legs become wobbly,,https://static.wikia.nocookie.net/harrypotter/images/9/9c/Jelly-Legs_Jinx_HM.png,Locomotor Wibbly(LOH-koh-moh-tor WIB-lee),Orange,https://harrypotter.fandom.com/wiki/Jelly-Legs_Curse
Killing Curse,killing-curse,Curse,,Instantaneous death,,https://static.wikia.nocookie.net/harrypotter/images/7/78/Avada-Kedavra.gif,Avada Kedavra(a-VAH-dah ke-DAH-vra),Green,https://harrypotter.fandom.com/wiki/Killing_Curse
Knee-reversal hex,knee-reversal-hex,Hex,,Puts knees on backward,,https://static.wikia.nocookie.net/harrypotter/images/c/c0/KneeReversal.png,,,https://harrypotter.fandom.com/wiki/Knee-reversal_hex
Knockback Jinx,knockback-jinx,Jinx,,Knocked target back,,https://static.wikia.nocookie.net/harrypotter/images/f/ff/Flipendo_HM_Spell_Icon.png,Flipendo(fli-PEN-doh),"Blue, orange, yellow red, purple or white",https://harrypotter.fandom.com/wiki/Knockback_Jinx
Knockback Jinx Duo,knockback-jinx-duo,Jinx,,Knocks target back,Slash,https://static.wikia.nocookie.net/harrypotter/images/d/d0/Flipendo_Duo.png,Flipendo(fli-PEN-doh),Red,https://harrypotter.fandom.com/wiki/Knockback_Jinx_Duo
Lacarnum Inflamari,lacarnum-inflamari,Charm,,Ignites items of clothing,,https://static.wikia.nocookie.net/harrypotter/images/d/df/LacarnumInflamariHM.png,Lacarnum Inflamari(la-KAR-num in-flah-MAR-ee),Orange,https://harrypotter.fandom.com/wiki/Lacarnum_Inflamari
Langlock,langlock,Jinx,Severus Snape,Stuck tongue to roof of the mouth,,https://static.wikia.nocookie.net/harrypotter/images/f/f2/Langlock.png,Langlock(LANG-lock),None,https://harrypotter.fandom.com/wiki/Langlock
Lapifors Spell,lapifors-spell,"Transfiguration, Jinx",,Turns target into rabbit,Point wand at target,https://static.wikia.nocookie.net/harrypotter/images/8/87/LapiforsB.jpg,Lapifors(LAP-i-fors),Green,https://harrypotter.fandom.com/wiki/Lapifors_Spell
Leek jinx,leek-jinx,Jinx,,Leeks sprout from ears,,https://static.wikia.nocookie.net/harrypotter/images/7/7e/LeekJinxHM.png,,Yellow,https://harrypotter.fandom.com/wiki/Leek_Jinx
Leg-Locker Curse,leg-locker-curse,Curse,,Sticks legs together,,https://static.wikia.nocookie.net/harrypotter/images/0/05/LocomotorMortisHM.png,Locomotor Mortis(LOH-koh-moh-tor MOR-tis),Red or purple,https://harrypotter.fandom.com/wiki/Leg-Locker_Curse
Legilimency Spell,legilimency-spell,Charm,,Let caster see into the mind of another person,,https://static.wikia.nocookie.net/harrypotter/images/b/bc/Legilimency.gif,Legilimens(leh-JILL-ih-mens),Psychedelic transparent wave,https://harrypotter.fandom.com/wiki/Legilimency_Spell
Levitation Charm,levitation-charm,Charm,Jarleth Hobart (1544),Made objects levitate,,https://static.wikia.nocookie.net/harrypotter/images/c/cf/Levitation_Charm_PSF.gif,Wingardium Leviosa(wing-GAR-dee-um leh-vee-OH-sa),None,https://harrypotter.fandom.com/wiki/Levitation_Charm
Liberacorpus,liberacorpus,Counter-jinx,Severus Snape,Counteracts the Dangling Jinx,Jerk wand upwards,https://static.wikia.nocookie.net/harrypotter/images/a/a0/Liberacorpus.png,Liberacorpus(lib-er-ah-COR-pus),Flash of light of unknown colour,https://harrypotter.fandom.com/wiki/Liberacorpus
Locking Spell,locking-spell,Charm,,Locks doors,,https://static.wikia.nocookie.net/harrypotter/images/a/a0/Colloportus.gif,Colloportus(cull-low-PORE-tus),None,https://harrypotter.fandom.com/wiki/Locking_Spell
Locomotion Charm,locomotion-charm,Charm,,Moved objects in midair,Raise wand,https://static.wikia.nocookie.net/harrypotter/images/a/ab/Locomotion_Charm_FBF.gif,Locomotor(loh-kuh-MOH-tor),None,https://harrypotter.fandom.com/wiki/Locomotion_Charm
Lumos Duo,lumos-duo,Charm,Possibly Levina Monkstanley (between 1772 and 1993),Focused beam of light from end of wand,Slide wand across ground and point,https://static.wikia.nocookie.net/harrypotter/images/c/c3/Lumos_duo.jpg,Lumos Duo(LOO-mos DOO-oh),White,https://harrypotter.fandom.com/wiki/Lumos_Duo
Lumos Maxima,lumos-maxima,Charm,,Produced very bright light from wand tip,Flick wandDraw wand backFlick again,https://static.wikia.nocookie.net/harrypotter/images/f/f4/Lumos_Maxima.gif,Lumos Maxima(LOO-mos MAX-i-muh),White,https://harrypotter.fandom.com/wiki/Lumos_Maxima
Lumos Solem Spell,lumos-solem-spell,Charm,,Produced blinding flash of sunlight,Point wand at target,https://static.wikia.nocookie.net/harrypotter/images/b/b1/Lumos_Solem_Spell_HM.png,Lumos Solem(LOO-mos SO-lem),White,https://harrypotter.fandom.com/wiki/Lumos_Solem_Spell
Magicus Extremos,magicus-extremos,Charm,,Temporarily increases casters' spell power,,https://static.wikia.nocookie.net/harrypotter/images/b/bd/Magicus_Extremos_GOFG.png,Magicus Extremos(MAJ-i-cuss ex-TREM-oss),Green or Pink,https://harrypotter.fandom.com/wiki/Magicus_Extremos
Memory Charm,memory-charm,Charm,Mnemone Radford (1562-1649),Erases memories,,https://static.wikia.nocookie.net/harrypotter/images/d/d8/Obliviate_backfire.gif,Obliviate (oh-BLI-vee-ate),Green,https://harrypotter.fandom.com/wiki/Memory_Charm
Mending Charm,mending-charm,Charm,Orabella Nuttley (1754),Fixes broken objects,,https://static.wikia.nocookie.net/harrypotter/images/6/66/Reparo.gif,Reparo(reh-PAH-roh),None,https://harrypotter.fandom.com/wiki/Mending_Charm
Meteolojinx Recanto,meteolojinx-recanto,Counter-charm,,Caused weather effects caused by incantations to cease,,https://static.wikia.nocookie.net/harrypotter/images/b/b8/HM_y2_Meteolojinx_Recanto.png,Meteolojinx Recanto(mee-tee-OH-loh-jinks reh-KAN-toh),None,https://harrypotter.fandom.com/wiki/Meteolojinx_Recanto
Ministry of Magic Fog,ministry-of-magic-fog,Charm,,Produced special fog for the concealment of certain locations,,,,,https://harrypotter.fandom.com/wiki/Ministry_of_Magic_Fog
Mobiliarbus,mobiliarbus,Charm,,Levitated wooden objects,,https://static.wikia.nocookie.net/harrypotter/images/6/68/Mobiliarbus.png,Mobiliarbus(mo-bil-lee-AR-bus),Blue,https://harrypotter.fandom.com/wiki/Mobiliarbus
Mobilicorpus,mobilicorpus,Charm,,Moved bodies,,https://static.wikia.nocookie.net/harrypotter/images/1/1f/Mobilicorpus_HM.webp,Mobilicorpus(moh-bil-lee-COR-pus),None,https://harrypotter.fandom.com/wiki/Mobilicorpus
Morsmordre,morsmordre,Dark charm,Tom Riddle (most likely),Conjured the Dark Mark,,https://static.wikia.nocookie.net/harrypotter/images/c/c9/Morsmordre.gif,Morsmordre(morz-MOR-druh),Green,https://harrypotter.fandom.com/wiki/Morsmordre
Muffliato Charm,muffliato-charm,Charm,Severus Snape,Conceals sound,,https://static.wikia.nocookie.net/harrypotter/images/1/15/Muffliato.png,Muffliato(muff-LEE-ah-toe),None,https://harrypotter.fandom.com/wiki/Muffliato_Charm
Muggle-Repelling Charm,muggle-repelling-charm,Charm,,Repels Muggles,Raise wand,https://static.wikia.nocookie.net/harrypotter/images/0/0c/Hermione_in_Mafalda%27s_clothing.jpg,Repello Muggletum(ruh-PEL-oh MUH-guhl-tuhm),None (haze),https://harrypotter.fandom.com/wiki/Muggle-Repelling_Charm
Multicorfors Spell,multicorfors-spell,Transfiguration,,Changes clothes,,https://static.wikia.nocookie.net/harrypotter/images/b/b8/Multicorfors.png,Multicorfors(MULL-tee-CORE-fors),Red,https://harrypotter.fandom.com/wiki/Multicorfors_Spell
Mutatio Skullus,mutatio-skullus,Dark charm,,Mutated the skull (presumably),,,Mutatio Skullus(myoo-TAY-toh SKUHL-us),,https://harrypotter.fandom.com/wiki/Mutatio_Skullus
Obliteration Charm,obliteration-charm,Charm,,Removes footprints,,,,,https://harrypotter.fandom.com/wiki/Obliteration_Charm
Obscuro,obscuro,"Charm, Conjuration",,Blindfolded target,,https://static.wikia.nocookie.net/harrypotter/images/4/40/ObscuroHM.png,Obscuro(ob-SKOO-roh),None,https://harrypotter.fandom.com/wiki/Obscuro
Oculus Reparo,oculus-reparo,Charm,,Repairs glasses,Tap glasses,https://static.wikia.nocookie.net/harrypotter/images/4/40/Oculus_Reparo.gif,Oculus Reparo(OCK-you-liss reh-PAH-roh),None,https://harrypotter.fandom.com/wiki/Oculus_Reparo
One-Eyed Witch Spell,one-eyed-witch-spell,Charm,,"Revealed secret passages, particularly the One-Eyed Witch Passage",Tap target with wand,https://static.wikia.nocookie.net/harrypotter/images/b/bf/Dissendium.gif,Dissendium(dis-SEN-dee-um),None,https://harrypotter.fandom.com/wiki/One-Eyed_Witch_Spell
Opening Charm,opening-charm,Charm,,Opened doors,,https://static.wikia.nocookie.net/harrypotter/images/b/bd/Aberto.gif,Aberto(ah-BARE-toh),Blue,https://harrypotter.fandom.com/wiki/Opening_Charm
Oppugno Jinx,oppugno-jinx,Jinx,,Assaulted target with directed object(s),Point wand,https://static.wikia.nocookie.net/harrypotter/images/4/46/Undesirable_Number_One_posters.gif,Oppugno(oh-PUG-noh),None,https://harrypotter.fandom.com/wiki/Oppugno_Jinx
Orbis ,orbis,Jinx,,Sucks the target into the ground,Point wand at target,https://static.wikia.nocookie.net/harrypotter/images/f/f2/Orbis.jpg,Orbis(OR-biss),Blue,https://harrypotter.fandom.com/wiki/Orbis
Oscausi,oscausi,Dark charm,,Sealed mouth shut,Point wand at target,https://static.wikia.nocookie.net/harrypotter/images/0/05/Oscausi.gif,Oscausi(os-SCOW-zee),White,https://harrypotter.fandom.com/wiki/Oscausi
Pack Charm,pack-charm,Charm,,Packs luggage into trunk,,https://static.wikia.nocookie.net/harrypotter/images/5/5f/PackCharmHM.png,Pack,None,https://harrypotter.fandom.com/wiki/Pack_Charm
Pain extraction spell,pain-extraction-spell,Healing spell,Isidora Morganach,"Removed pain from the target, Could empower those who absorbed it",,https://static.wikia.nocookie.net/harrypotter/images/4/43/Pain_extraction_spell_HL.png,,Blue,https://harrypotter.fandom.com/wiki/Pain_extraction_spell
Papyrus Reparo,papyrus-reparo,Charm,,Mends torn paper,,https://static.wikia.nocookie.net/harrypotter/images/e/e5/Papyrus_Reparo.gif,Papyrus Reparo(puh-PIE-rus reh-PAH-roh),None,https://harrypotter.fandom.com/wiki/Papyrus_Reparo
Partis Temporus,partis-temporus,Charm,,Parts the target,Point wand at target,https://static.wikia.nocookie.net/harrypotter/images/2/26/Partis_Temporus_HBP.gif,Partis Temporus(PAR-tus tem-POR-us),None,https://harrypotter.fandom.com/wiki/Partis_Temporus
Patented Daydream Charm,patented-daydream-charm,,,,,https://static.wikia.nocookie.net/harrypotter/images/b/bd/DaydreamCharms.png,,,https://harrypotter.fandom.com/wiki/Patented_Daydream_Charm
Patronus Charm,patronus-charm,Charm,,Conjured a spirit guardian,,https://static.wikia.nocookie.net/harrypotter/images/f/fe/Patronus_PM_SilverStagPatronus_MomentIllust.jpg,Expecto Patronum(ex-PEK-toh pa-TRO-num),Silver,https://harrypotter.fandom.com/wiki/Patronus_Charm
Pepper Breath,pepper-breath,Hex,,Inflicts fiery hot breath,,https://static.wikia.nocookie.net/harrypotter/images/1/13/Pepper_Breath_Hex_HM_Icon.png,,Orange,https://harrypotter.fandom.com/wiki/Pepper_Breath
Periculum,periculum,Charm,,Burst of red sparks,Point wand at sky,https://static.wikia.nocookie.net/harrypotter/images/4/44/GOF_Harry_Periculum_third_task.gif,Periculum (puh-RIK-yoo-lum),Red,https://harrypotter.fandom.com/wiki/Periculum
Permanent Sticking Charm,permanent-sticking-charm,Charm,,Stuck object permanently in place,,,,,https://harrypotter.fandom.com/wiki/Permanent_Sticking_Charm
Peskipiksi Pesternomi,peskipiksi-pesternomi,Charm,Gilderoy Lockhart (1992),Nothing (supposedly captures pixies),Wave wand four times,https://static.wikia.nocookie.net/harrypotter/images/d/dd/Peskipiksi_Pesternomi.jpg,Peskipiksi Pesternomi (PES-kee PIK-see pes-ter-NO-mee),None,https://harrypotter.fandom.com/wiki/Peskipiksi_Pesternomi
Animation Charm,piertotum-locomotor,Charm,,Animated target,"Point wand at target (when animating individual target), Hold wand aloft or wave (when animating multiple things)",https://static.wikia.nocookie.net/harrypotter/images/e/e5/Piertotum_Locomotor.gif,Piertotum Locomotor(peer-TOH-tuhm loh-kuh-MOH-tor),"None, or green",https://harrypotter.fandom.com/wiki/Piertotum_Locomotor
Pimple Jinx,pimple-jinx,"Jinx, Curse",,Caused pimples/boils to erupt,,https://static.wikia.nocookie.net/harrypotter/images/f/f4/Furnunculus.png,Furnunculus(fur-NUN-kyoo-lus),Gold,https://harrypotter.fandom.com/wiki/Pimple_Jinx
Piscifors,piscifors,Transfiguration,,Turns target into fish,Point wand,https://static.wikia.nocookie.net/harrypotter/images/f/f9/Piscifors.png,Piscifors(PIS-ee-fors),Blue,https://harrypotter.fandom.com/wiki/Piscifors
Placement Charm,placement-charm,Charm,,Placed object on target,,https://static.wikia.nocookie.net/harrypotter/images/2/2d/Hagrid_casting_Placement_Charm_on_Fang_MA.png,,Blue,https://harrypotter.fandom.com/wiki/Placement_Charm
Portkey Spell,portkey-spell,Charm,,Turns object into Portkey,,https://static.wikia.nocookie.net/harrypotter/images/e/ea/PortusPAS.png,Portus(POR-tus),Blue,https://harrypotter.fandom.com/wiki/Portkey_Spell
Projectile Jinx,projectile-jinx,Jinx,,Propels wad at the target,,https://static.wikia.nocookie.net/harrypotter/images/5/53/WaddiwasiHM.png,Waddiwasi(wah-deh-WAH-see),None,https://harrypotter.fandom.com/wiki/Projectile_Jinx
Protean Charm,protean-charm,Charm,,Synchronises changes through objects,,https://static.wikia.nocookie.net/harrypotter/images/c/cf/EnchantedCoin.png,,,https://harrypotter.fandom.com/wiki/Protean_Charm
Protego Diabolica,protego-diabolica,Dark charm,,Created protective black fire that only burnt the caster's enemies whilst leaving their allies unharmed,,https://static.wikia.nocookie.net/harrypotter/images/d/d0/Gellert_Grindelwald_casting_Protego_Diabolica_COG.gif,Protego Diabolica(proh-TAY-goh dia-BOHL-i-cuh),,https://harrypotter.fandom.com/wiki/Protego_Diabolica
Protego Maxima,protego-maxima,Charm,,Summons a large protective barrier,Point wand skyward,https://static.wikia.nocookie.net/harrypotter/images/d/db/Protegomaximahs.gif,Protego Maxima(pro-TAY-goh MAKS-ee-ma),White,https://harrypotter.fandom.com/wiki/Protego_Maxima
Protego horribilis,protego-horribilis,Charm,,Summoned a powerful protective barrier,Point wand at sky,,Protego horribilis(proh-TAY-goh hor-i-BIL-luhs),,https://harrypotter.fandom.com/wiki/Protego_horribilis
Protego totalum,protego-totalum,Charm,,Shields an area,Raise wand,https://static.wikia.nocookie.net/harrypotter/images/0/0c/Hermione_in_Mafalda%27s_clothing.jpg,Protego totalum(proh-TAY-goh TOH-tuh-luhm),None (haze),https://harrypotter.fandom.com/wiki/Protego_totalum
Pullus,pullus,"Transfiguration, Jinx",,Transformed creatures into chickens,Point wand,https://static.wikia.nocookie.net/harrypotter/images/b/b7/Pullus.gif,Pullus(PULL-us),Pink,https://harrypotter.fandom.com/wiki/Pullus
Pumpkin-Head Jinx,pumpkin-head-jinx,"Jinx, Conjuration",,Encased head in pumpkin,,https://static.wikia.nocookie.net/harrypotter/images/9/97/Melofors_Jinx_HM_spell_icon.png,Melofors(MEL-oh-fors),Orange,https://harrypotter.fandom.com/wiki/Pumpkin-Head_Jinx
Purple Firecrackers,purple-firecrackers,Charm,,Exploding firecrackers,,https://static.wikia.nocookie.net/harrypotter/images/b/ba/Purple_Firecrackers.png,,Purple,https://harrypotter.fandom.com/wiki/Purple_Firecrackers
Pus Squirting Hex,pus-squirting-spell,Hex,,Caused yellowish pus to squirt from one's nose,,https://static.wikia.nocookie.net/harrypotter/images/0/01/Pus_Squirting_Hex_HM.png,,Yellow,https://harrypotter.fandom.com/wiki/Pus-squirting_spell
Quietening Charm,quietening-charm,Charm,,Quietens target,Direct at target,,Quietus(KWIY-uh-tus),None,https://harrypotter.fandom.com/wiki/Quietening_Charm
Red Sparks,red-sparks,Charm,,Jet of red sparks,,https://static.wikia.nocookie.net/harrypotter/images/4/4a/VermilliousHM.png,Vermillious(vur-MILL-ee-us),Red,https://harrypotter.fandom.com/wiki/Red_Sparks
Reductor Curse,reductor-curse,Curse,,Destroys solid objects,,https://static.wikia.nocookie.net/harrypotter/images/4/45/OOTP_DA_Ginny_Reducto.gif,Reducto(re-DUCK-toh),Blue,https://harrypotter.fandom.com/wiki/Reductor_Curse
Refilling Charm,refilling-charm,Charm,,Refills beverage containers,Point wand at target,https://static.wikia.nocookie.net/harrypotter/images/c/c6/Refilling_Charm.gif,,None,https://harrypotter.fandom.com/wiki/Refilling_Charm
Reparifarge,reparifarge,Untransfiguration,,Reverses the effects of an incomplete Transformation spell,,https://static.wikia.nocookie.net/harrypotter/images/a/a2/HM_y2_Reparifarge.png,Reparifarge(reh-PAR-i-farj),White,https://harrypotter.fandom.com/wiki/Reparifarge
Reparifors,reparifors,"Healing spell, Charm",,Healed minor magically induced ailments,,https://static.wikia.nocookie.net/harrypotter/images/2/2d/Reparifors.gif,Reparifors(re-PAR-i-fors),Purple,https://harrypotter.fandom.com/wiki/Reparifors
Repello Inimicum,repello-inimicum,Charm,,"Repels enemies; if used with Protego Maxima and Fianto Duri, it disintegrates anything that comes in contact with the barrier",Point wand skyward,https://static.wikia.nocookie.net/harrypotter/images/9/95/DH2_Protego_Maxima%2C_Fianto_Duri%2C_Repello_Inimicum.gif,Repello Inimicum(re-PEH-lloh ee-nee-MEE-cum),Blueish white,https://harrypotter.fandom.com/wiki/Repello_Inimicum
Revealing Charm,revealing-charm,Charm,,Revealed hidden writing,Aparecium.png,https://static.wikia.nocookie.net/harrypotter/images/0/02/Aparecium.jpg,Aparecium(AH-par-EH-see-um),White,https://harrypotter.fandom.com/wiki/Revealing_Charm
Revelio Charm,revelio-charm,Charm,,Revealed secrets about a person or object,,https://static.wikia.nocookie.net/harrypotter/images/8/81/Revelio.gif,Revelio(reh-VEL-ee-oh),Yellow,https://harrypotter.fandom.com/wiki/Revelio_Charm
Reverse Spell,reverse-spell,Charm,,Showed the previous spells cast by a wand,Hold tip of wand to targeted wand,https://static.wikia.nocookie.net/harrypotter/images/6/67/Priori_Incantatem_Pottermore.png,Prior Incantato(PRI-or in-can-TAH-toh),Gold,https://harrypotter.fandom.com/wiki/Reverse_Spell
Reverte,reverte,Charm,,Returns objects to their original positions or states,,https://static.wikia.nocookie.net/harrypotter/images/6/63/Reverte.gif,Reverte(ree-VUHR-tay),,https://harrypotter.fandom.com/wiki/Reverte
Reviving Spell,reviving-spell,Charm,,Awakened target from unconsciousness,Point wand at chest,https://static.wikia.nocookie.net/harrypotter/images/8/8c/Revive_Charm_WU.png,Rennervate(REN-ner-VAH-tay),Red or none,https://harrypotter.fandom.com/wiki/Reviving_Spell
Revulsion Jinx,revulsion-jinx,Jinx,,Forced target to let go,,https://static.wikia.nocookie.net/harrypotter/images/d/d6/RelashioHM.png,Relashio(ruh-LASH-ee-oh),Purple or gold,https://harrypotter.fandom.com/wiki/Revulsion_Jinx
Rose Growth,rose-growth,Charm,,Accelerates the growth of a rosebush,,https://static.wikia.nocookie.net/harrypotter/images/1/14/Rose_Growth.jpg,,,https://harrypotter.fandom.com/wiki/Rose_Growth
Rowboat spell,rowboat-spell,Charm,,Causes a rowboat to propel itself,Tap twice on boat with wand,https://static.wikia.nocookie.net/harrypotter/images/b/b1/Hagrid_and_Harry_on_the_rowboat.png,,None,https://harrypotter.fandom.com/wiki/Rowboat_spell
Salvio hexia,salvio-hexia,Charm,,Hex deflection,"Downwards, palm of opposite hand held outward",https://static.wikia.nocookie.net/harrypotter/images/2/25/SalvioHexia.gif,Salvio hexia(SAL-vee-oh HEK-see-uh),None (haze),https://harrypotter.fandom.com/wiki/Salvio_hexia
Sardine spell,sardine-hex,Hex,,Victim sneezes sardines,,,,,https://harrypotter.fandom.com/wiki/Sardine_Hex
Sauce-creating spell,sauce-making-spell,Conjuration,,Conjures sauce,Wave wand around,,,None,https://harrypotter.fandom.com/wiki/Sauce-making_spell
Scouring Charm,scouring-charm,Charm,,Cleaned objects,,https://static.wikia.nocookie.net/harrypotter/images/9/94/HM_y4_Scourgify.png,Scourgify(SKUR-ji-fy),None,https://harrypotter.fandom.com/wiki/Scouring_Charm
Sea Urchin Jinx,sea-urchin-jinx,"Transfiguration, Jinx",,Makes tiny spikes erupt all over the victim,,https://static.wikia.nocookie.net/harrypotter/images/a/a9/Sea_Urchin_Jinx_HM.png,,None,https://harrypotter.fandom.com/wiki/Sea_urchin_jinx
Sealant Charm,sealant-charm,Charm,,Seals envelopes,,,,,https://harrypotter.fandom.com/wiki/Sealant_Charm
Sectumsempra,sectumsempra,Curse,Severus Snape,Lacerates target,Slash wand,https://static.wikia.nocookie.net/harrypotter/images/3/3a/Sectumempra_Curse.gif,Sectumsempra(SEC-tum-SEM-pra),White,https://harrypotter.fandom.com/wiki/Sectumsempra
Seize and pull charm,seize-and-pull-charm,Charm,,Pulled something towards the caster or vice versa,V-shape,https://static.wikia.nocookie.net/harrypotter/images/4/42/Carpe_Rectractum_GOFG.jpg,Carpe Retractum(KAR-pay ruh-TRACK-tum),Orange or Purple,https://harrypotter.fandom.com/wiki/Seize_and_pull_charm
Severing Charm,severing-charm,Charm,Delfina Crimp (1400s),Severed objects,,https://static.wikia.nocookie.net/harrypotter/images/7/78/DiffindoHM.png,Diffindo(deef-IN-doe),"Light green, pink or red",https://harrypotter.fandom.com/wiki/Severing_Charm
Shield Charm,shield-charm,Charm,,Reflected spells and blocked physical forces,,https://static.wikia.nocookie.net/harrypotter/images/7/78/DH2_Kingsley_Shacklebolt_Protego.gif,Protego(pro-TAY-goh),"Invisible on its own, reflected light of spell",https://harrypotter.fandom.com/wiki/Shield_Charm
Shield penetration spell,shield-penetration-spell,Spell,,Used to break down magical shields,Point wand to the place where the spell is desired to hit,https://static.wikia.nocookie.net/harrypotter/images/3/36/Shield_Penetration.gif,,Bluish-white,https://harrypotter.fandom.com/wiki/Shield_penetration_spell
Shooting Spell,shooting-spell,Spell,,Small explosion with a gunshot-sound,Point wand at target,https://static.wikia.nocookie.net/harrypotter/images/7/73/Shooting_Spell.gif,,None,https://harrypotter.fandom.com/wiki/Shooting_spell
Shrinking Charm,shrinking-charm,Charm,,Shrinks target,,https://static.wikia.nocookie.net/harrypotter/images/1/1f/HM_y2_Reducio.png,Reducio(ruh-DOO-see-oh),Purple,https://harrypotter.fandom.com/wiki/Shrinking_Charm
Silencing Charm,silencing-charm,Charm,,Silenced target,,https://static.wikia.nocookie.net/harrypotter/images/b/b2/Silencio_HM_Spell_Icon.png,Silencio(si-LEN-see-oh),None,https://harrypotter.fandom.com/wiki/Silencing_Charm
Skurge Charm,skurge-charm,Charm,,"Cleans ectoplasm, Frightens ghosts and other spirits",,https://static.wikia.nocookie.net/harrypotter/images/8/8a/Skurge.jpg,Skurge,Green or blue,https://harrypotter.fandom.com/wiki/Skurge_Charm
Slippery Jinx,slippery-jinx,Jinx,,Makes object slippery,,,,,https://harrypotter.fandom.com/wiki/Slippery_Jinx
Slowing Charm,slowing-charm,Charm,Daisy Pennifold (1711),Slows or stops target's velocity,,https://static.wikia.nocookie.net/harrypotter/images/8/81/Wandless_magic.gif,Arresto Momentum(ah-REST-ohmo-MEN-tum),None or blue,https://harrypotter.fandom.com/wiki/Slowing_Charm
Slug-vomiting Charm,slug-vomiting-charm,Curse,,Victim vomited slugs,,https://static.wikia.nocookie.net/harrypotter/images/a/a4/Slugulus.png,Slugulus Eructo(slug-YOU-lus eh-RUCK-toe),Green,https://harrypotter.fandom.com/wiki/Slug-vomiting_Charm
Smashing Spell,smashing-spell,Dark charm,,"Explosive, destroyed everything in its range",Point wand,https://static.wikia.nocookie.net/harrypotter/images/7/7e/Bellaspell.jpg,,Blue,https://harrypotter.fandom.com/wiki/Smashing_spell
Smokescreen Spell,smokescreen-spell,Charm,,Defensive smokescreen,,https://static.wikia.nocookie.net/harrypotter/images/9/96/Smokescreen_Spell_PM.png,Fumos(FYOO-moss),Grey,https://harrypotter.fandom.com/wiki/Smokescreen_Spell
Snake-Vanishing Spell,snake-vanishing-spell,Vanishment,,Vanishes snakes,,https://static.wikia.nocookie.net/harrypotter/images/9/9a/Vipera_Evanesca.gif,Vipera Evanesca(vee-PARE-uh eh-vuh-NES-kuh),Black smoke,https://harrypotter.fandom.com/wiki/Snake-Vanishing_Spell
Snake Summons Spell,snake-summons-spell,Conjuration,,Conjures a live snake,,https://static.wikia.nocookie.net/harrypotter/images/d/d1/Serpensortia.gif,Serpensortia(ser-pen-SOR-she-uh),White,https://harrypotter.fandom.com/wiki/Snake_Summons_Spell
Softening Charm,softening-charm,Charm,,Softens objects,,https://static.wikia.nocookie.net/harrypotter/images/7/71/SpongifyHM.png,Spongify(SPUN-ji-fye),Purple or Orange,https://harrypotter.fandom.com/wiki/Softening_Charm
Sonorous Charm,sonorous-charm,Charm,,Emitted a magnified roar from the tip of the wand,,https://static.wikia.nocookie.net/harrypotter/images/c/c9/Sonorous_Charm_%28in-universe_image%29_POAG_GBA.png,,Orange,https://harrypotter.fandom.com/wiki/Sonorous_Charm
Specialis Revelio,specialis-revelio,Charm,,Revealed spells cast on objects or potions,Rap smartly,,Specialis Revelio(spe-see-AL-is reh-VEL-ee-oh),None,https://harrypotter.fandom.com/wiki/Specialis_Revelio
Sponge-Knees Curse,sponge-knees-curse,Curse,,Causes the target's legs to become spongy,,,,,https://harrypotter.fandom.com/wiki/Sponge-Knees_Curse
Squiggle Quill,squiggle-quill,Transfiguration,,Transfigures writing quills into worms,,https://static.wikia.nocookie.net/harrypotter/images/d/d7/Squiggle_Quill.png,,,https://harrypotter.fandom.com/wiki/Squiggle_Quill
Stealth Sensoring Spell,stealth-sensoring-spell,Charm,,Detects those under magical disguise.,,,,,https://harrypotter.fandom.com/wiki/Stealth_Sensoring_Spell
Sternius,sternius,Dark charm,,Caused target to sneeze,,https://static.wikia.nocookie.net/harrypotter/images/a/aa/Steleus.gif,Sternius(STR-nee-us),Green,https://harrypotter.fandom.com/wiki/Sternius
Stickfast Hex,stickfast-hex,Hex,,Stuck shoes to floor,,https://static.wikia.nocookie.net/harrypotter/images/5/52/Stickfast_Hex_icon_HM.png,Colloshoo(CAWL-low-shoo),Yellow,https://harrypotter.fandom.com/wiki/Stickfast_Hex
Stinging Jinx,stinging-jinx,"Jinx, Hex",,Stings flesh,Point wand,https://static.wikia.nocookie.net/harrypotter/images/b/b1/Deathly_Hallows_-_Stinging_Hex.gif,,White,https://harrypotter.fandom.com/wiki/Stinging_Jinx
Stretching Jinx,stretching-jinx,Jinx,,Stretches the target,,https://static.wikia.nocookie.net/harrypotter/images/4/45/Stretching_Jinx_HM_Spell_Icon.png,,None,https://harrypotter.fandom.com/wiki/Stretching_Jinx
Stunning Spell,stunning-spell,Charm,,Rendered target unconscious,,https://static.wikia.nocookie.net/harrypotter/images/7/73/DH1_Harry_as_Albert_Runcorn_stunning_Umbridge.gif,Stupefy(STEW-puh-fye),Red,https://harrypotter.fandom.com/wiki/Stunning_Spell
Summoning Charm,summoning-charm,Charm,,Summoned an object,,https://static.wikia.nocookie.net/harrypotter/images/9/99/Accio_cup.gif,Accio(AH-kee-oh),None,https://harrypotter.fandom.com/wiki/Summoning_Charm
Supersensory Charm,supersensory-charm,Charm,,Superior perception,,,,,https://harrypotter.fandom.com/wiki/Supersensory_Charm
Surgito,surgito,Counter-charm,,Removes enchantments,,https://static.wikia.nocookie.net/harrypotter/images/7/7e/Surgito.gif,Surgito(SUR-jee-toh),,https://harrypotter.fandom.com/wiki/Surgito
Switching Spell,switching-spell,Transfiguration,,Switches two objects,,https://static.wikia.nocookie.net/harrypotter/images/5/59/Switching_Spell.JPG,,White,https://harrypotter.fandom.com/wiki/Switching_Spell
Taboo,taboo,Jinx,,"When a word was spoken, the caster was alerted and protective enchantments around the speaker were weakened",,https://static.wikia.nocookie.net/harrypotter/images/a/ac/Deatly_Hallows_-_Taboo.gif,,None,https://harrypotter.fandom.com/wiki/Taboo
Tail-growing spell,tail-growing-spell,Dark charm,,Gives the victim a tail,,https://static.wikia.nocookie.net/harrypotter/images/8/8e/Goshtail.png,,,https://harrypotter.fandom.com/wiki/Tail-growing_spell
Teacup to tortoise,teacup-to-tortoise-spell,Transfiguration,,Transforms a teacup into a tortoise,"Diagonal down-right, up, diagonal down-right",https://static.wikia.nocookie.net/harrypotter/images/b/b4/Teacup_to_tortoise.gif,,Blue,https://harrypotter.fandom.com/wiki/Teacup_to_tortoise_spell
Teapot to tortoise,teapot-to-tortoise-spell,Transfiguration,,Transforms a teapot into a tortoise,,https://static.wikia.nocookie.net/harrypotter/images/5/5c/Teapot_to_Tortoise.gif,,Orange,https://harrypotter.fandom.com/wiki/Teapot_to_tortoise_spell
Teeth-straightening spell,teeth-straightening-spell,Charm,,Straightened teeth,,,,,https://harrypotter.fandom.com/wiki/Teeth-straightening_spell
Teleportation spell,teleportation-spell,Magical transportation,,Makes objects teleport elsewhere,Wave wand,,,,https://harrypotter.fandom.com/wiki/Teleportation_spell
Tentaclifors,tentaclifors,"Transfiguration, Dark charm",,Turns victim's head into tentacle,,https://static.wikia.nocookie.net/harrypotter/images/8/84/Tentaclifors.png,Tentaclifors,Purple,https://harrypotter.fandom.com/wiki/Tentaclifors
Tickling Charm,tickling-charm,Charm,,Tickles and weakens,,https://static.wikia.nocookie.net/harrypotter/images/b/ba/Rictusempra.gif,Rictusempra(ric-tuh-SEM-pra),Silver,https://harrypotter.fandom.com/wiki/Tickling_Charm
Tickling Hex,tickling-hex,Hex,,Tickled and weakened,,https://static.wikia.nocookie.net/harrypotter/images/6/65/Tickling_Hex_HM.png,Titillando(ti-tee-LAN-do),Purple,https://harrypotter.fandom.com/wiki/Tickling_Hex
Toenail-growing hex,toenail-growing-hex,Hex,Severus Snape,Causes its victim's toenails to grow alarmingly fast,,https://static.wikia.nocookie.net/harrypotter/images/6/62/Toenail-growing_hex.png,,,https://harrypotter.fandom.com/wiki/Toenail-growing_hex
Tongue-Tying Curse,tongue-tying-curse,Curse,,Tied tongue in knot,,https://static.wikia.nocookie.net/harrypotter/images/d/dc/Mimblewimble.jpg,Mimblewimble(MIM-bull-wim-bull),Blue or purple,https://harrypotter.fandom.com/wiki/Tongue-Tying_Curse
Tracking spell,tracking-spell,Charm,,"Revealed traces of magic, including footprints and track marks",,https://static.wikia.nocookie.net/harrypotter/images/0/01/COG_Newt_Appare_Vestigium.gif,Appare Vestigium(ah-PAR-ay ves-TEE-jee-um),Swirl of gold,https://harrypotter.fandom.com/wiki/Tracking_Spell
Transmogrifian Torture,transmogrifian-torture,Curse,,"Tortured, possibly by transfiguring the target to death",,,,,https://harrypotter.fandom.com/wiki/Transmogrifian_Torture
Trip Jinx,trip-jinx,Jinx,,Tripped victim,,,,Red or purple,https://harrypotter.fandom.com/wiki/Trip_Jinx
Twitchy-Ears Hex,twitchy-ears-hex,Hex,,Makes victim's ears twitch,,,,,https://harrypotter.fandom.com/wiki/Twitchy-Ears_Hex
Unbreakable Charm,unbreakable-charm,Charm,,Makes object unbreakable,,,,,https://harrypotter.fandom.com/wiki/Unbreakable_Charm
Unbreakable Vow,unbreakable-vow,Binding magical contract,,"Magical vow, that was fatal if broken",Place wand between hands,https://static.wikia.nocookie.net/harrypotter/images/2/2c/Unbreakable_Vow.jpg,,Red,https://harrypotter.fandom.com/wiki/Unbreakable_Vow
Unlocking Charm,unlocking-charm,Charm,Ancient African sorcerer (possibly); first brought to Britain by Eldon Elsrickle in the early 1600s,Unlocked objects,,https://static.wikia.nocookie.net/harrypotter/images/0/0e/Alohomora.gif,Alohomora(ah-LOH-ho-MOR-ah),"Invisible, blue, yellow, or purple",https://harrypotter.fandom.com/wiki/Unlocking_Charm
Unsupported flight,unsupported-flight,Magical transportation,Lord Voldemort,Allowed a witch or wizard to fly unaided,,https://static.wikia.nocookie.net/harrypotter/images/b/bd/Voldemort_flying_without_support.gif,,,https://harrypotter.fandom.com/wiki/Unsupported_flight
Vacuum cleaner spell,vacuum-cleaner-spell,Charm,,Cleans an object like a vacuum cleaner,Move wand over object,,,None,https://harrypotter.fandom.com/wiki/Vacuum_cleaner_spell
Vanishing Spell,vanishing-spell,Transfiguration,,Vanishes objects,,https://static.wikia.nocookie.net/harrypotter/images/a/ab/HM_y4_Evanesco.png,Evanesco(ev-an-ES-ko),None,https://harrypotter.fandom.com/wiki/Vanishing_Spell
Ventus Duo,ventus-duo,Charm,,Creates a stronger jet of wind compared to Ventus,,,Ventus Duo,,https://harrypotter.fandom.com/wiki/Ventus_Duo
Vera Verto,vera-verto,Transfiguration,,Transformed animals into water goblets,,https://static.wikia.nocookie.net/harrypotter/images/e/e4/COS_Vera_Verto_demo.gif,Vera Verto(vair-uh VAIR-toh),Crystal clear,https://harrypotter.fandom.com/wiki/Vera_Verto
Verdillious,verdillious,Charm,,Caused the wand tip to burn like a sparkler whilst damaging an opponent,,https://static.wikia.nocookie.net/harrypotter/images/5/52/Verdimillious.jpg,Verdillious(vur-DILL-ee-us),Green,https://harrypotter.fandom.com/wiki/Verdillious
Verdimillious Charm,verdimillious-charm,Charm,,"Do damage to opponents, Reveal hidden things",Forwards slash,https://static.wikia.nocookie.net/harrypotter/images/0/0c/Verdimillious_Charm_PSG_PS1.png,Verdimillious(vur-duh-MILL-ee-us),Green,https://harrypotter.fandom.com/wiki/Verdimillious_Charm
Verdimillious Duo Spell,verdimillious-duo-spell,Charm,,"Do damage to an opponent, Reveal hidden objects",Forwards slash,https://static.wikia.nocookie.net/harrypotter/images/e/e8/Verdimillious_Duo.jpg,Verdimillious(VUR-duh-MILL-ee-us),Green,https://harrypotter.fandom.com/wiki/Verdimillious_Duo_Spell
Vermiculus,vermiculus,"Transfiguration, Jinx",,Turns things into worms,Point wand,https://static.wikia.nocookie.net/harrypotter/images/9/9e/Vermiculus.png,Vermiculus(vur-MICK-yoo-luhs),Yellow,https://harrypotter.fandom.com/wiki/Vermiculus
Victor Rookwood's curse,victor-rookwood-s-curse,Curse,,"Constant, prolonged agony",,,,,https://harrypotter.fandom.com/wiki/Victor_Rookwood's_curse
Vulnera Sanentur,vulnera-sanentur,"Healing spell, Counter-curse, Charm",,Slows blood flowClears residueKnits wounds,Trace wand over wounds or,https://static.wikia.nocookie.net/harrypotter/images/a/aa/Healing_spell.gif,Vulnera Sanentur(VUL-ner-ahsah-NEN-tour),None or green,https://harrypotter.fandom.com/wiki/Vulnera_Sanentur
Wand-Extinguishing Charm,wand-extinguishing-charm,Charm,Levina Monkstanley (1772),Extinguished wandlight,,https://static.wikia.nocookie.net/harrypotter/images/e/ed/SnapeNox.gif,Nox(NOKSS),,https://harrypotter.fandom.com/wiki/Wand-Extinguishing_Charm
Wand Lighting Charm,wand-lighting-charm,Charm,Levina Monkstanley (1772),Illuminates the wand tip,,https://static.wikia.nocookie.net/harrypotter/images/4/43/Wand-lighting_charm.gif,Lumos(LOO-mos),White,https://harrypotter.fandom.com/wiki/Wand-Lighting_Charm
Washing up spell,washing-up-spell,Charm,,Cleans dishes,Casual flick of wand,https://static.wikia.nocookie.net/harrypotter/images/1/1b/Washing_up_spell.gif,,None,https://harrypotter.fandom.com/wiki/Washing_up_spell
Water-Making Spell,water-making-spell,"Charm, Conjuration",,Conjures water,,https://static.wikia.nocookie.net/harrypotter/images/e/e4/Aguamenti_PM.png,Aguamenti(AH-gwah-MEN-tee),Icy blue,https://harrypotter.fandom.com/wiki/Water-Making_Spell
White sparks,white-sparks,Charm,,Jet of white sparks,,,,White,https://harrypotter.fandom.com/wiki/White_sparks
Windy Spell,windy-spell,Charm,,Jet of spiralling wind,,https://static.wikia.nocookie.net/harrypotter/images/4/46/Ventus2.gif,Ventus(VEN-tuss),Grey,https://harrypotter.fandom.com/wiki/Windy_Spell
Wiping Spell,wiping-spell,Charm,,Cleans up objects,Point wand at target,https://static.wikia.nocookie.net/harrypotter/images/2/29/TergeoPAS.png,Tergeo(ter-GEE-o),None,https://harrypotter.fandom.com/wiki/Wiping_Spell
